Time (s),Pitot Status Code,Differential Pressure,Temperature,Accel1 x,Accel1 y,Accel1 z,Gyro1 x,Gyro1 y,Gyro1 z,Mag1 x,Mag1 y,Mag1 z,Accel2 x,Accel2 y,Accel2 z,Gyro2 x,Gyro2 y,Gyro2 z,Mag2 x,Mag2 y,Ma2 z,Accel3 x,Accel3 y,Accel3 z,Gyro3 x,Gyro3 y,Gyro3 z,Mag3 x,Mag3 y,Mag3 z
17.6732,Error ,1.25,-50,-1.71777,0.265625,0,343.75,234.375,0,88,54,0,0,0,0,0,0,0,0,0,0,0,0,0,0,0,0,0,0,0,
17.6772,Error ,1.25,-50,-1.72607,0.268555,0,320.313,218.75,0,87,55,0,0,0,0,0,0,0,0,0,0,0,0,0,0,0,0,0,0,0,
17.6822,Error ,1.25,-50,-1.72119,0.26416,0,281.25,226.563,0,87,55,0,0,0,0,0,0,0,0,0,0,0,0,0,0,0,0,0,0,0,
17.7026,Error ,1.25,-50,-1.7207,0.268066,0,335.938,210.938,0,89,51,0,0,0,0,0,0,0,0,0,0,0,0,0,0,0,0,0,0,0,
17.7072,Error ,1.25,-50,-1.72021,0.264648,0,335.938,210.938,0,-172,58,0,0,0,0,0,0,0,0,0,0,0,0,0,0,0,0,0,0,0,
17.7122,Error ,1.25,-50,-1.71826,0.263672,0,273.438,179.688,0,-172,58,0,0,0,0,0,0,0,0,0,0,0,0,0,0,0,0,0,0,0,
17.7172,Error ,1.25,-50,-1.71973,0.262207,0,335.938,218.75,0,79,51,0,0,0,0,0,0,0,0,0,0,0,0,0,0,0,0,0,0,0,
17.7222,Error ,1.25,-50,-1.71729,0.265137,0,312.5,195.313,0,79,51,0,0,0,0,0,0,0,0,0,0,0,0,0,0,0,0,0,0,0,
17.7272,Error ,1.25,-50,-1.71875,0.265625,0,304.688,210.938,0,90,48,0,0,0,0,0,0,0,0,0,0,0,0,0,0,0,0,0,0,0,
17.7322,Error ,1.25,-50,-1.71875,0.266113,0,351.563,218.75,0,90,48,0,0,0,0,0,0,0,0,0,0,0,0,0,0,0,0,0,0,0,
17.7372,Error ,1.25,-50,-1.72021,0.267578,0,296.875,210.938,0,-166,52,0,0,0,0,0,0,0,0,0,0,0,0,0,0,0,0,0,0,0,
17.7422,Error ,1.25,-50,-1.72217,0.26416,0,289.063,210.938,0,-166,52,0,0,0,0,0,0,0,0,0,0,0,0,0,0,0,0,0,0,0,
17.7472,Error ,1.25,-50,-1.72021,0.265137,0,296.875,218.75,0,-169,51,0,0,0,0,0,0,0,0,0,0,0,0,0,0,0,0,0,0,0,
17.7522,Error ,1.25,-50,-1.71924,0.260742,0,312.5,210.938,0,-169,51,0,0,0,0,0,0,0,0,0,0,0,0,0,0,0,0,0,0,0,
17.7572,Error ,1.25,-50,-1.71826,0.264648,0,320.313,250,0,-167,47,0,0,0,0,0,0,0,0,0,0,0,0,0,0,0,0,0,0,0,
17.7622,Error ,1.25,-50,-1.71777,0.264648,0,289.063,218.75,0,-167,47,0,0,0,0,0,0,0,0,0,0,0,0,0,0,0,0,0,0,0,
17.7672,Error ,1.25,-50,-1.72119,0.268066,0,335.938,226.563,0,83,59,0,0,0,0,0,0,0,0,0,0,0,0,0,0,0,0,0,0,0,
17.7722,Error ,1.25,-50,-1.71582,0.264648,0,320.313,242.188,0,83,59,0,0,0,0,0,0,0,0,0,0,0,0,0,0,0,0,0,0,0,
17.7772,Error ,1.25,-50,-1.72119,0.26709,0,320.313,257.813,0,-166,48,0,0,0,0,0,0,0,0,0,0,0,0,0,0,0,0,0,0,0,
17.7822,Error ,1.25,-50,-1.71973,0.265625,0,289.063,203.125,0,-166,48,0,0,0,0,0,0,0,0,0,0,0,0,0,0,0,0,0,0,0,
17.7872,Error ,1.25,-50,-1.72217,0.265137,0,320.313,187.5,0,81,53,0,0,0,0,0,0,0,0,0,0,0,0,0,0,0,0,0,0,0,
17.7922,Error ,1.25,-50,-1.72168,0.266602,0,296.875,242.188,0,81,53,0,0,0,0,0,0,0,0,0,0,0,0,0,0,0,0,0,0,0,
17.7972,Error ,1.25,-50,-1.72119,0.269043,0,289.063,226.563,0,89,59,0,0,0,0,0,0,0,0,0,0,0,0,0,0,0,0,0,0,0,
17.8022,Error ,1.25,-50,-1.72119,0.266113,0,328.125,242.188,0,89,59,0,0,0,0,0,0,0,0,0,0,0,0,0,0,0,0,0,0,0,
17.8072,Error ,1.25,-50,-1.72168,0.265625,0,335.938,218.75,0,88,54,0,0,0,0,0,0,0,0,0,0,0,0,0,0,0,0,0,0,0,
17.8122,Error ,1.25,-50,-1.7168,0.265137,0,289.063,242.188,0,88,54,0,0,0,0,0,0,0,0,0,0,0,0,0,0,0,0,0,0,0,
17.8171,Error ,1.25,-50,-1.72217,0.265137,0,304.688,203.125,0,-171,55,0,0,0,0,0,0,0,0,0,0,0,0,0,0,0,0,0,0,0,
17.8222,Error ,1.25,-50,-1.71875,0.266602,0,273.438,226.563,0,-171,55,0,0,0,0,0,0,0,0,0,0,0,0,0,0,0,0,0,0,0,
17.8271,Error ,1.25,-50,-1.72217,0.265625,0,304.688,195.313,0,81,55,0,0,0,0,0,0,0,0,0,0,0,0,0,0,0,0,0,0,0,
17.8322,Error ,1.25,-50,-1.71826,0.263184,0,312.5,203.125,0,81,55,0,0,0,0,0,0,0,0,0,0,0,0,0,0,0,0,0,0,0,
17.8371,Error ,1.25,-50,-1.72266,0.265625,0,328.125,203.125,0,78,54,0,0,0,0,0,0,0,0,0,0,0,0,0,0,0,0,0,0,0,
17.8421,Error ,1.25,-50,-1.72217,0.264648,0,312.5,226.563,0,78,54,0,0,0,0,0,0,0,0,0,0,0,0,0,0,0,0,0,0,0,
17.8471,Error ,1.25,-50,-1.72461,0.266602,0,328.125,226.563,0,87,53,0,0,0,0,0,0,0,0,0,0,0,0,0,0,0,0,0,0,0,
17.8521,Error ,1.25,-50,-1.72021,0.262207,0,320.313,226.563,0,87,53,0,0,0,0,0,0,0,0,0,0,0,0,0,0,0,0,0,0,0,
17.8571,Error ,1.25,-50,-1.7207,0.262695,0,320.313,226.563,0,83,57,0,0,0,0,0,0,0,0,0,0,0,0,0,0,0,0,0,0,0,
17.8626,Error ,1.25,-50,-1.71826,0.266113,0,304.688,250,0,83,57,0,0,0,0,0,0,0,0,0,0,0,0,0,0,0,0,0,0,0,
17.8671,Error ,1.25,-50,-1.71924,0.267578,0,312.5,218.75,0,89,49,0,0,0,0,0,0,0,0,0,0,0,0,0,0,0,0,0,0,0,
17.8721,Error ,1.25,-50,-1.71631,0.265137,0,312.5,234.375,0,89,49,0,0,0,0,0,0,0,0,0,0,0,0,0,0,0,0,0,0,0,
17.8771,Error ,1.25,-50,-1.72217,0.263672,0,328.125,218.75,0,90,48,0,0,0,0,0,0,0,0,0,0,0,0,0,0,0,0,0,0,0,
17.8821,Error ,1.25,-50,-1.72021,0.267578,0,312.5,218.75,0,90,48,0,0,0,0,0,0,0,0,0,0,0,0,0,0,0,0,0,0,0,
17.8871,Error ,1.25,-50,-1.71924,0.264648,0,320.313,195.313,0,-174,62,0,0,0,0,0,0,0,0,0,0,0,0,0,0,0,0,0,0,0,
17.8921,Error ,1.25,-50,-1.72168,0.264648,0,289.063,234.375,0,-174,62,0,0,0,0,0,0,0,0,0,0,0,0,0,0,0,0,0,0,0,
17.8971,Error ,1.25,-50,-1.71436,0.263184,0,289.063,218.75,0,88,48,0,0,0,0,0,0,0,0,0,0,0,0,0,0,0,0,0,0,0,
17.9021,Error ,1.25,-50,-1.72266,0.266113,0,312.5,218.75,0,88,48,0,0,0,0,0,0,0,0,0,0,0,0,0,0,0,0,0,0,0,
17.9071,Error ,1.25,-50,-1.72119,0.26709,0,265.625,203.125,0,84,52,0,0,0,0,0,0,0,0,0,0,0,0,0,0,0,0,0,0,0,
17.9121,Error ,1.25,-50,-1.71973,0.266602,0,320.313,234.375,0,84,52,0,0,0,0,0,0,0,0,0,0,0,0,0,0,0,0,0,0,0,
17.9171,Error ,1.25,-50,-1.71973,0.268555,0,312.5,218.75,0,84,52,0,0,0,0,0,0,0,0,0,0,0,0,0,0,0,0,0,0,0,
17.9221,Error ,1.25,-50,-1.71973,0.268555,0,281.25,226.563,0,83,55,0,0,0,0,0,0,0,0,0,0,0,0,0,0,0,0,0,0,0,
17.9271,Error ,1.25,-50,-1.71875,0.268555,0,304.688,171.875,0,83,55,0,0,0,0,0,0,0,0,0,0,0,0,0,0,0,0,0,0,0,
17.9321,Error ,1.25,-50,-1.72119,0.266113,0,296.875,195.313,0,86,60,0,0,0,0,0,0,0,0,0,0,0,0,0,0,0,0,0,0,0,
17.9371,Error ,1.25,-50,-1.72021,0.265625,0,320.313,226.563,0,86,60,0,0,0,0,0,0,0,0,0,0,0,0,0,0,0,0,0,0,0,
17.9421,Error ,1.25,-50,-1.7168,0.26709,0,289.063,226.563,0,85,51,0,0,0,0,0,0,0,0,0,0,0,0,0,0,0,0,0,0,0,
17.9471,Error ,1.25,-50,-1.71924,0.268555,0,296.875,218.75,0,85,51,0,0,0,0,0,0,0,0,0,0,0,0,0,0,0,0,0,0,0,
17.9521,Error ,1.25,-50,-1.71826,0.268066,0,328.125,218.75,0,77,57,0,0,0,0,0,0,0,0,0,0,0,0,0,0,0,0,0,0,0,
17.9571,Error ,1.25,-50,-1.72363,0.263672,0,312.5,234.375,0,77,57,0,0,0,0,0,0,0,0,0,0,0,0,0,0,0,0,0,0,0,
17.9621,Error ,1.25,-50,-1.72168,0.269043,0,328.125,218.75,0,92,58,0,0,0,0,0,0,0,0,0,0,0,0,0,0,0,0,0,0,0,
17.9671,Error ,1.25,-50,-1.72021,0.267578,0,312.5,234.375,0,92,58,0,0,0,0,0,0,0,0,0,0,0,0,0,0,0,0,0,0,0,
17.9721,Error ,1.25,-50,-1.72363,0.264648,0,304.688,210.938,0,85,59,0,0,0,0,0,0,0,0,0,0,0,0,0,0,0,0,0,0,0,
17.9771,Error ,1.25,-50,-1.71924,0.266113,0,335.938,242.188,0,85,59,0,0,0,0,0,0,0,0,0,0,0,0,0,0,0,0,0,0,0,
17.9821,Error ,1.25,-50,-1.71973,0.26416,0,320.313,234.375,0,82,66,0,0,0,0,0,0,0,0,0,0,0,0,0,0,0,0,0,0,0,
17.9871,Error ,1.25,-50,-1.7207,0.263184,0,328.125,242.188,0,82,66,0,0,0,0,0,0,0,0,0,0,0,0,0,0,0,0,0,0,0,
17.9921,Error ,1.25,-50,-1.72266,0.26709,0,320.313,226.563,0,86,52,0,0,0,0,0,0,0,0,0,0,0,0,0,0,0,0,0,0,0,
17.9971,Error ,1.25,-50,-1.72412,0.265137,0,312.5,234.375,0,86,52,0,0,0,0,0,0,0,0,0,0,0,0,0,0,0,0,0,0,0,
18.0021,Error ,1.25,-50,-1.71875,0.266113,0,312.5,203.125,0,84,58,0,0,0,0,0,0,0,0,0,0,0,0,0,0,0,0,0,0,0,
18.0071,Error ,1.25,-50,-1.71924,0.268555,0,328.125,242.188,0,84,58,0,0,0,0,0,0,0,0,0,0,0,0,0,0,0,0,0,0,0,
18.0121,Error ,1.25,-50,-1.72363,0.266113,0,359.375,234.375,0,81,59,0,0,0,0,0,0,0,0,0,0,0,0,0,0,0,0,0,0,0,
18.0171,Error ,1.25,-50,-1.72266,0.265625,0,296.875,210.938,0,81,59,0,0,0,0,0,0,0,0,0,0,0,0,0,0,0,0,0,0,0,
18.0221,Error ,1.25,-50,-1.71777,0.265625,0,304.688,242.188,0,86,54,0,0,0,0,0,0,0,0,0,0,0,0,0,0,0,0,0,0,0,
18.0271,Error ,1.25,-50,-1.72119,0.268555,0,296.875,257.813,0,86,54,0,0,0,0,0,0,0,0,0,0,0,0,0,0,0,0,0,0,0,
18.0321,Error ,1.25,-50,-1.72021,0.266602,0,304.688,250,0,88,54,0,0,0,0,0,0,0,0,0,0,0,0,0,0,0,0,0,0,0,
18.0371,Error ,1.25,-50,-1.72168,0.265137,0,320.313,234.375,0,88,54,0,0,0,0,0,0,0,0,0,0,0,0,0,0,0,0,0,0,0,
18.0421,Error ,1.25,-50,-1.71973,0.266113,0,320.313,195.313,0,93,53,0,0,0,0,0,0,0,0,0,0,0,0,0,0,0,0,0,0,0,
18.0471,Error ,1.25,-50,-1.72461,0.264648,0,320.313,226.563,0,93,53,0,0,0,0,0,0,0,0,0,0,0,0,0,0,0,0,0,0,0,
18.0521,Error ,1.25,-50,-1.7207,0.266602,0,281.25,234.375,0,89,59,0,0,0,0,0,0,0,0,0,0,0,0,0,0,0,0,0,0,0,
18.0571,Error ,1.25,-50,-1.71875,0.265625,0,335.938,187.5,0,89,59,0,0,0,0,0,0,0,0,0,0,0,0,0,0,0,0,0,0,0,
18.0621,Error ,1.25,-50,-1.71729,0.267578,0,320.313,203.125,0,-174,60,0,0,0,0,0,0,0,0,0,0,0,0,0,0,0,0,0,0,0,
18.0671,Error ,1.25,-50,-1.71973,0.268066,0,328.125,218.75,0,-174,60,0,0,0,0,0,0,0,0,0,0,0,0,0,0,0,0,0,0,0,
18.072,Error ,1.25,-50,-1.7207,0.265625,0,343.75,242.188,0,87,55,0,0,0,0,0,0,0,0,0,0,0,0,0,0,0,0,0,0,0,
18.077,Error ,1.25,-50,-1.71826,0.266602,0,312.5,234.375,0,87,55,0,0,0,0,0,0,0,0,0,0,0,0,0,0,0,0,0,0,0,
18.082,Error ,1.25,-50,-1.71826,0.266113,0,328.125,234.375,0,81,57,0,0,0,0,0,0,0,0,0,0,0,0,0,0,0,0,0,0,0,
18.087,Error ,1.25,-50,-1.7168,0.266602,0,304.688,257.813,0,81,57,0,0,0,0,0,0,0,0,0,0,0,0,0,0,0,0,0,0,0,
18.092,Error ,1.25,-50,-1.72168,0.26416,0,312.5,218.75,0,82,56,0,0,0,0,0,0,0,0,0,0,0,0,0,0,0,0,0,0,0,
18.097,Error ,1.25,-50,-1.71875,0.266602,0,304.688,218.75,0,82,56,0,0,0,0,0,0,0,0,0,0,0,0,0,0,0,0,0,0,0,
18.102,Error ,1.25,-50,-1.71924,0.26416,0,296.875,234.375,0,79,53,0,0,0,0,0,0,0,0,0,0,0,0,0,0,0,0,0,0,0,
18.107,Error ,1.25,-50,-1.71729,0.266602,0,281.25,234.375,0,79,53,0,0,0,0,0,0,0,0,0,0,0,0,0,0,0,0,0,0,0,
18.112,Error ,1.25,-50,-1.7168,0.269043,0,281.25,226.563,0,92,52,0,0,0,0,0,0,0,0,0,0,0,0,0,0,0,0,0,0,0,
18.117,Error ,1.25,-50,-1.7207,0.265625,0,320.313,210.938,0,92,52,0,0,0,0,0,0,0,0,0,0,0,0,0,0,0,0,0,0,0,
18.122,Error ,1.25,-50,-1.71973,0.267578,0,328.125,218.75,0,85,61,0,0,0,0,0,0,0,0,0,0,0,0,0,0,0,0,0,0,0,
18.127,Error ,1.25,-50,-1.72266,0.266602,0,304.688,242.188,0,85,61,0,0,0,0,0,0,0,0,0,0,0,0,0,0,0,0,0,0,0,
18.132,Error ,1.25,-50,-1.71826,0.265625,0,312.5,210.938,0,81,59,0,0,0,0,0,0,0,0,0,0,0,0,0,0,0,0,0,0,0,
18.137,Error ,1.25,-50,-1.71924,0.267578,0,335.938,218.75,0,81,59,0,0,0,0,0,0,0,0,0,0,0,0,0,0,0,0,0,0,0,
18.142,Error ,1.25,-50,-1.7207,0.26709,0,312.5,234.375,0,85,63,0,0,0,0,0,0,0,0,0,0,0,0,0,0,0,0,0,0,0,
18.1475,Error ,1.25,-50,-1.72217,0.265625,0,343.75,234.375,0,85,63,0,0,0,0,0,0,0,0,0,0,0,0,0,0,0,0,0,0,0,
18.152,Error ,1.25,-50,-1.71973,0.266602,0,320.313,210.938,0,82,54,0,0,0,0,0,0,0,0,0,0,0,0,0,0,0,0,0,0,0,
18.157,Error ,1.25,-50,-1.72168,0.26416,0,328.125,226.563,0,82,54,0,0,0,0,0,0,0,0,0,0,0,0,0,0,0,0,0,0,0,
18.162,Error ,1.25,-50,-1.72217,0.264648,0,289.063,203.125,0,96,52,0,0,0,0,0,0,0,0,0,0,0,0,0,0,0,0,0,0,0,
18.167,Error ,1.25,-50,-1.7168,0.258789,0,304.688,218.75,0,96,52,0,0,0,0,0,0,0,0,0,0,0,0,0,0,0,0,0,0,0,
18.172,Error ,1.25,-50,-1.7207,0.26416,0,335.938,210.938,0,87,55,0,0,0,0,0,0,0,0,0,0,0,0,0,0,0,0,0,0,0,
18.177,Error ,1.25,-50,-1.72266,0.267578,0,312.5,226.563,0,87,55,0,0,0,0,0,0,0,0,0,0,0,0,0,0,0,0,0,0,0,
18.182,Error ,1.25,-50,-1.71729,0.263672,0,335.938,226.563,0,88,60,0,0,0,0,0,0,0,0,0,0,0,0,0,0,0,0,0,0,0,
18.187,Error ,1.25,-50,-1.71973,0.266602,0,304.688,234.375,0,88,60,0,0,0,0,0,0,0,0,0,0,0,0,0,0,0,0,0,0,0,
18.192,Error ,1.25,-50,-1.71973,0.270508,0,296.875,234.375,0,88,60,0,0,0,0,0,0,0,0,0,0,0,0,0,0,0,0,0,0,0,
18.197,Error ,1.25,-50,-1.7207,0.26123,0,320.313,203.125,0,-173,61,0,0,0,0,0,0,0,0,0,0,0,0,0,0,0,0,0,0,0,
18.202,Error ,1.25,-50,-1.72119,0.266113,0,304.688,203.125,0,-173,61,0,0,0,0,0,0,0,0,0,0,0,0,0,0,0,0,0,0,0,
18.207,Error ,1.25,-50,-1.72119,0.268555,0,281.25,242.188,0,85,53,0,0,0,0,0,0,0,0,0,0,0,0,0,0,0,0,0,0,0,
18.212,Error ,1.25,-50,-1.72021,0.26709,0,281.25,226.563,0,85,53,0,0,0,0,0,0,0,0,0,0,0,0,0,0,0,0,0,0,0,
18.217,Error ,1.25,-50,-1.71582,0.266602,0,328.125,218.75,0,85,57,0,0,0,0,0,0,0,0,0,0,0,0,0,0,0,0,0,0,0,
18.222,Error ,1.25,-50,-1.72168,0.26709,0,320.313,218.75,0,85,57,0,0,0,0,0,0,0,0,0,0,0,0,0,0,0,0,0,0,0,
18.227,Error ,1.25,-50,-1.71973,0.268555,0,312.5,242.188,0,90,62,0,0,0,0,0,0,0,0,0,0,0,0,0,0,0,0,0,0,0,
18.232,Error ,1.25,-50,-1.7207,0.265625,0,312.5,210.938,0,90,62,0,0,0,0,0,0,0,0,0,0,0,0,0,0,0,0,0,0,0,
18.237,Error ,1.25,-50,-1.71729,0.263672,0,312.5,226.563,0,88,64,0,0,0,0,0,0,0,0,0,0,0,0,0,0,0,0,0,0,0,
18.242,Error ,1.25,-50,-1.71875,0.266113,0,320.313,242.188,0,88,64,0,0,0,0,0,0,0,0,0,0,0,0,0,0,0,0,0,0,0,
18.247,Error ,1.25,-50,-1.72168,0.267578,0,320.313,210.938,0,74,58,0,0,0,0,0,0,0,0,0,0,0,0,0,0,0,0,0,0,0,
18.252,Error ,1.25,-50,-1.72119,0.26709,0,328.125,234.375,0,74,58,0,0,0,0,0,0,0,0,0,0,0,0,0,0,0,0,0,0,0,
18.257,Error ,1.25,-50,-1.72461,0.266602,0,296.875,234.375,0,86,50,0,0,0,0,0,0,0,0,0,0,0,0,0,0,0,0,0,0,0,
18.262,Error ,1.25,-50,-1.72168,0.26416,0,320.313,210.938,0,86,50,0,0,0,0,0,0,0,0,0,0,0,0,0,0,0,0,0,0,0,
18.267,Error ,1.25,-50,-1.72021,0.26416,0,320.313,218.75,0,81,49,0,0,0,0,0,0,0,0,0,0,0,0,0,0,0,0,0,0,0,
18.272,Error ,1.25,-50,-1.71924,0.266602,0,312.5,203.125,0,81,49,0,0,0,0,0,0,0,0,0,0,0,0,0,0,0,0,0,0,0,
18.277,Error ,1.25,-50,-1.72266,0.269043,0,304.688,218.75,0,-175,59,0,0,0,0,0,0,0,0,0,0,0,0,0,0,0,0,0,0,0,
18.282,Error ,1.25,-50,-1.7207,0.268066,0,296.875,226.563,0,-175,59,0,0,0,0,0,0,0,0,0,0,0,0,0,0,0,0,0,0,0,
18.287,Error ,1.25,-50,-1.72168,0.26416,0,312.5,218.75,0,80,60,0,0,0,0,0,0,0,0,0,0,0,0,0,0,0,0,0,0,0,
18.292,Error ,1.25,-50,-1.71777,0.263184,0,320.313,226.563,0,80,60,0,0,0,0,0,0,0,0,0,0,0,0,0,0,0,0,0,0,0,
18.297,Error ,1.25,-50,-1.71924,0.26416,0,328.125,226.563,0,88,50,0,0,0,0,0,0,0,0,0,0,0,0,0,0,0,0,0,0,0,
18.302,Error ,1.25,-50,-1.71826,0.27002,0,281.25,218.75,0,88,50,0,0,0,0,0,0,0,0,0,0,0,0,0,0,0,0,0,0,0,
18.307,Error ,1.25,-50,-1.72119,0.266602,0,304.688,210.938,0,81,55,0,0,0,0,0,0,0,0,0,0,0,0,0,0,0,0,0,0,0,
18.3119,Error ,1.25,-50,-1.72168,0.263672,0,312.5,226.563,0,81,55,0,0,0,0,0,0,0,0,0,0,0,0,0,0,0,0,0,0,0,
18.317,Error ,1.25,-50,-1.72363,0.26416,0,312.5,226.563,0,83,49,0,0,0,0,0,0,0,0,0,0,0,0,0,0,0,0,0,0,0,
18.3219,Error ,1.25,-50,-1.71875,0.27002,0,312.5,234.375,0,83,49,0,0,0,0,0,0,0,0,0,0,0,0,0,0,0,0,0,0,0,
18.327,Error ,1.25,-50,-1.72266,0.264648,0,328.125,218.75,0,-170,58,0,0,0,0,0,0,0,0,0,0,0,0,0,0,0,0,0,0,0,
18.3319,Error ,1.25,-50,-1.72119,0.268555,0,304.688,226.563,0,-170,58,0,0,0,0,0,0,0,0,0,0,0,0,0,0,0,0,0,0,0,
18.3369,Error ,1.25,-50,-1.7207,0.266113,0,328.125,210.938,0,85,51,0,0,0,0,0,0,0,0,0,0,0,0,0,0,0,0,0,0,0,
18.3419,Error ,1.25,-50,-1.72168,0.266113,0,312.5,218.75,0,85,51,0,0,0,0,0,0,0,0,0,0,0,0,0,0,0,0,0,0,0,
18.3469,Error ,1.25,-50,-1.72168,0.269043,0,296.875,210.938,0,86,56,0,0,0,0,0,0,0,0,0,0,0,0,0,0,0,0,0,0,0,
18.3519,Error ,1.25,-50,-1.71924,0.267578,0,296.875,210.938,0,86,56,0,0,0,0,0,0,0,0,0,0,0,0,0,0,0,0,0,0,0,
18.3569,Error ,1.25,-50,-1.72217,0.268555,0,320.313,218.75,0,77,59,0,0,0,0,0,0,0,0,0,0,0,0,0,0,0,0,0,0,0,
18.3619,Error ,1.25,-50,-1.72119,0.264648,0,320.313,210.938,0,77,59,0,0,0,0,0,0,0,0,0,0,0,0,0,0,0,0,0,0,0,
18.3669,Error ,1.25,-50,-1.72021,0.268555,0,312.5,203.125,0,73,61,0,0,0,0,0,0,0,0,0,0,0,0,0,0,0,0,0,0,0,
18.3719,Error ,1.25,-50,-1.72314,0.266602,0,281.25,210.938,0,73,61,0,0,0,0,0,0,0,0,0,0,0,0,0,0,0,0,0,0,0,
18.3769,Error ,1.25,-50,-1.72314,0.267578,0,328.125,218.75,0,88,50,0,0,0,0,0,0,0,0,0,0,0,0,0,0,0,0,0,0,0,
18.3819,Error ,1.25,-50,-1.71729,0.266602,0,320.313,218.75,0,88,50,0,0,0,0,0,0,0,0,0,0,0,0,0,0,0,0,0,0,0,
18.3869,Error ,1.25,-50,-1.7207,0.266602,0,312.5,203.125,0,87,53,0,0,0,0,0,0,0,0,0,0,0,0,0,0,0,0,0,0,0,
18.3919,Error ,1.25,-50,-1.71826,0.264648,0,335.938,179.688,0,87,53,0,0,0,0,0,0,0,0,0,0,0,0,0,0,0,0,0,0,0,
18.3969,Error ,1.25,-50,-1.71973,0.268555,0,289.063,226.563,0,84,52,0,0,0,0,0,0,0,0,0,0,0,0,0,0,0,0,0,0,0,
18.4019,Error ,1.25,-50,-1.72021,0.264648,0,296.875,187.5,0,84,52,0,0,0,0,0,0,0,0,0,0,0,0,0,0,0,0,0,0,0,
18.4069,Error ,1.25,-50,-1.72168,0.265625,0,312.5,187.5,0,88,54,0,0,0,0,0,0,0,0,0,0,0,0,0,0,0,0,0,0,0,
18.4119,Error ,1.25,-50,-1.71924,0.26416,0,343.75,226.563,0,88,54,0,0,0,0,0,0,0,0,0,0,0,0,0,0,0,0,0,0,0,
18.4169,Error ,1.25,-50,-1.72217,0.266113,0,320.313,234.375,0,83,51,0,0,0,0,0,0,0,0,0,0,0,0,0,0,0,0,0,0,0,
18.4219,Error ,1.25,-50,-1.72559,0.265625,0,312.5,210.938,0,83,51,0,0,0,0,0,0,0,0,0,0,0,0,0,0,0,0,0,0,0,
18.4269,Error ,1.25,-50,-1.71777,0.265625,0,335.938,218.75,0,92,58,0,0,0,0,0,0,0,0,0,0,0,0,0,0,0,0,0,0,0,
18.4319,Error ,1.25,-50,-1.71973,0.266602,0,273.438,195.313,0,92,58,0,0,0,0,0,0,0,0,0,0,0,0,0,0,0,0,0,0,0,
18.4369,Error ,1.25,-50,-1.72266,0.26709,0,304.688,234.375,0,81,51,0,0,0,0,0,0,0,0,0,0,0,0,0,0,0,0,0,0,0,
18.4419,Error ,1.25,-50,-1.72168,0.270508,0,343.75,242.188,0,81,51,0,0,0,0,0,0,0,0,0,0,0,0,0,0,0,0,0,0,0,
18.4469,Error ,1.25,-50,-1.72314,0.267578,0,312.5,242.188,0,85,63,0,0,0,0,0,0,0,0,0,0,0,0,0,0,0,0,0,0,0,
18.4519,Error ,1.25,-50,-1.71875,0.265625,0,320.313,218.75,0,85,63,0,0,0,0,0,0,0,0,0,0,0,0,0,0,0,0,0,0,0,
18.4569,Error ,1.25,-50,-1.71875,0.262207,0,312.5,234.375,0,-172,50,0,0,0,0,0,0,0,0,0,0,0,0,0,0,0,0,0,0,0,
18.4619,Error ,1.25,-50,-1.72021,0.26416,0,304.688,210.938,0,-172,50,0,0,0,0,0,0,0,0,0,0,0,0,0,0,0,0,0,0,0,
18.4669,Error ,1.25,-50,-1.7207,0.268066,0,320.313,210.938,0,-172,50,0,0,0,0,0,0,0,0,0,0,0,0,0,0,0,0,0,0,0,
18.4724,Error ,1.25,-50,-1.72168,0.265625,0,328.125,226.563,0,-167,59,0,0,0,0,0,0,0,0,0,0,0,0,0,0,0,0,0,0,0,
18.4769,Error ,1.25,-50,-1.71973,0.269043,0,343.75,226.563,0,-167,59,0,0,0,0,0,0,0,0,0,0,0,0,0,0,0,0,0,0,0,
18.4819,Error ,1.25,-50,-1.72217,0.268555,0,359.375,210.938,0,86,60,0,0,0,0,0,0,0,0,0,0,0,0,0,0,0,0,0,0,0,
18.4869,Error ,1.25,-50,-1.72461,0.265625,0,312.5,242.188,0,86,60,0,0,0,0,0,0,0,0,0,0,0,0,0,0,0,0,0,0,0,
18.4919,Error ,1.25,-50,-1.72217,0.266113,0,328.125,226.563,0,93,55,0,0,0,0,0,0,0,0,0,0,0,0,0,0,0,0,0,0,0,
18.4969,Error ,1.25,-50,-1.72217,0.264648,0,320.313,210.938,0,93,55,0,0,0,0,0,0,0,0,0,0,0,0,0,0,0,0,0,0,0,
18.5019,Error ,1.25,-50,-1.71582,0.265625,0,304.688,210.938,0,82,50,0,0,0,0,0,0,0,0,0,0,0,0,0,0,0,0,0,0,0,
18.5069,Error ,1.25,-50,-1.72363,0.265625,0,312.5,226.563,0,82,50,0,0,0,0,0,0,0,0,0,0,0,0,0,0,0,0,0,0,0,
18.5119,Error ,1.25,-50,-1.71973,0.26416,0,312.5,203.125,0,94,54,0,0,0,0,0,0,0,0,0,0,0,0,0,0,0,0,0,0,0,
18.5169,Error ,1.25,-50,-1.71973,0.26709,0,320.313,242.188,0,94,54,0,0,0,0,0,0,0,0,0,0,0,0,0,0,0,0,0,0,0,
18.5219,Error ,1.25,-50,-1.72168,0.264648,0,320.313,242.188,0,91,65,0,0,0,0,0,0,0,0,0,0,0,0,0,0,0,0,0,0,0,
18.5269,Error ,1.25,-50,-1.72168,0.268555,0,343.75,195.313,0,91,65,0,0,0,0,0,0,0,0,0,0,0,0,0,0,0,0,0,0,0,
18.5319,Error ,1.25,-50,-1.71826,0.267578,0,335.938,210.938,0,89,57,0,0,0,0,0,0,0,0,0,0,0,0,0,0,0,0,0,0,0,
18.5369,Error ,1.25,-50,-1.72266,0.266113,0,312.5,242.188,0,89,57,0,0,0,0,0,0,0,0,0,0,0,0,0,0,0,0,0,0,0,
18.5419,Error ,1.25,-50,-1.72119,0.267578,0,289.063,242.188,0,-170,50,0,0,0,0,0,0,0,0,0,0,0,0,0,0,0,0,0,0,0,
18.5469,Error ,1.25,-50,-1.72119,0.26416,0,320.313,203.125,0,-170,50,0,0,0,0,0,0,0,0,0,0,0,0,0,0,0,0,0,0,0,
18.5519,Error ,1.25,-50,-1.72314,0.263184,0,335.938,218.75,0,83,45,0,0,0,0,0,0,0,0,0,0,0,0,0,0,0,0,0,0,0,
18.5569,Error ,1.25,-50,-1.72266,0.265137,0,320.313,218.75,0,83,45,0,0,0,0,0,0,0,0,0,0,0,0,0,0,0,0,0,0,0,
18.5619,Error ,1.25,-50,-1.72363,0.268066,0,304.688,226.563,0,80,52,0,0,0,0,0,0,0,0,0,0,0,0,0,0,0,0,0,0,0,
18.5669,Error ,1.25,-50,-1.72168,0.267578,0,312.5,195.313,0,80,52,0,0,0,0,0,0,0,0,0,0,0,0,0,0,0,0,0,0,0,
18.5719,Error ,1.25,-50,-1.71973,0.268066,0,320.313,242.188,0,83,51,0,0,0,0,0,0,0,0,0,0,0,0,0,0,0,0,0,0,0,
18.5769,Error ,1.25,-50,-1.72119,0.262695,0,312.5,218.75,0,83,51,0,0,0,0,0,0,0,0,0,0,0,0,0,0,0,0,0,0,0,
18.5819,Error ,1.25,-50,-1.72168,0.266602,0,320.313,226.563,0,82,50,0,0,0,0,0,0,0,0,0,0,0,0,0,0,0,0,0,0,0,
18.5869,Error ,1.25,-50,-1.7168,0.268555,0,289.063,226.563,0,82,50,0,0,0,0,0,0,0,0,0,0,0,0,0,0,0,0,0,0,0,
18.5919,Error ,1.25,-50,-1.71973,0.268066,0,304.688,210.938,0,-163,57,0,0,0,0,0,0,0,0,0,0,0,0,0,0,0,0,0,0,0,
18.5968,Error ,1.25,-50,-1.71826,0.266602,0,328.125,218.75,0,-163,57,0,0,0,0,0,0,0,0,0,0,0,0,0,0,0,0,0,0,0,
18.6018,Error ,1.25,-50,-1.72363,0.268555,0,296.875,242.188,0,87,59,0,0,0,0,0,0,0,0,0,0,0,0,0,0,0,0,0,0,0,
18.6068,Error ,1.25,-50,-1.72217,0.266113,0,335.938,210.938,0,87,59,0,0,0,0,0,0,0,0,0,0,0,0,0,0,0,0,0,0,0,
18.6118,Error ,1.25,-50,-1.71826,0.267578,0,304.688,218.75,0,91,53,0,0,0,0,0,0,0,0,0,0,0,0,0,0,0,0,0,0,0,
18.6168,Error ,1.25,-50,-1.72266,0.26416,0,320.313,210.938,0,91,53,0,0,0,0,0,0,0,0,0,0,0,0,0,0,0,0,0,0,0,
18.6218,Error ,1.25,-50,-1.71924,0.265625,0,296.875,210.938,0,84,50,0,0,0,0,0,0,0,0,0,0,0,0,0,0,0,0,0,0,0,
18.6268,Error ,1.25,-50,-1.72266,0.262207,0,296.875,218.75,0,84,50,0,0,0,0,0,0,0,0,0,0,0,0,0,0,0,0,0,0,0,
18.6318,Error ,1.25,-50,-1.7207,0.268555,0,312.5,226.563,0,82,56,0,0,0,0,0,0,0,0,0,0,0,0,0,0,0,0,0,0,0,
18.6368,Error ,1.25,-50,-1.72314,0.266602,0,289.063,203.125,0,82,56,0,0,0,0,0,0,0,0,0,0,0,0,0,0,0,0,0,0,0,
18.6418,Error ,1.25,-50,-1.7207,0.269531,0,273.438,218.75,0,81,55,0,0,0,0,0,0,0,0,0,0,0,0,0,0,0,0,0,0,0,
18.6468,Error ,1.25,-50,-1.72021,0.26416,0,312.5,195.313,0,81,55,0,0,0,0,0,0,0,0,0,0,0,0,0,0,0,0,0,0,0,
18.6518,Error ,1.25,-50,-1.71875,0.265137,0,351.563,218.75,0,81,57,0,0,0,0,0,0,0,0,0,0,0,0,0,0,0,0,0,0,0,
18.6568,Error ,1.25,-50,-1.71777,0.27002,0,335.938,210.938,0,81,57,0,0,0,0,0,0,0,0,0,0,0,0,0,0,0,0,0,0,0,
18.6618,Error ,1.25,-50,-1.7207,0.262207,0,335.938,226.563,0,-175,59,0,0,0,0,0,0,0,0,0,0,0,0,0,0,0,0,0,0,0,
18.6668,Error ,1.25,-50,-1.7207,0.261719,0,367.188,218.75,0,-175,59,0,0,0,0,0,0,0,0,0,0,0,0,0,0,0,0,0,0,0,
18.6718,Error ,1.25,-50,-1.72217,0.264648,0,328.125,195.313,0,95,51,0,0,0,0,0,0,0,0,0,0,0,0,0,0,0,0,0,0,0,
18.6768,Error ,1.25,-50,-1.71777,0.270508,0,289.063,203.125,0,95,51,0,0,0,0,0,0,0,0,0,0,0,0,0,0,0,0,0,0,0,
18.6818,Error ,1.25,-50,-1.72314,0.263184,0,312.5,210.938,0,80,56,0,0,0,0,0,0,0,0,0,0,0,0,0,0,0,0,0,0,0,
18.6868,Error ,1.25,-50,-1.72119,0.265625,0,296.875,218.75,0,80,56,0,0,0,0,0,0,0,0,0,0,0,0,0,0,0,0,0,0,0,
18.6918,Error ,1.25,-50,-1.72021,0.267578,0,304.688,203.125,0,88,56,0,0,0,0,0,0,0,0,0,0,0,0,0,0,0,0,0,0,0,
18.6968,Error ,1.25,-50,-1.72266,0.262695,0,296.875,203.125,0,88,56,0,0,0,0,0,0,0,0,0,0,0,0,0,0,0,0,0,0,0,
18.7018,Error ,1.25,-50,-1.72168,0.267578,0,320.313,226.563,0,91,59,0,0,0,0,0,0,0,0,0,0,0,0,0,0,0,0,0,0,0,
18.7068,Error ,1.25,-50,-1.72021,0.265625,0,289.063,210.938,0,91,59,0,0,0,0,0,0,0,0,0,0,0,0,0,0,0,0,0,0,0,
18.7118,Error ,1.25,-50,-1.72119,0.263672,0,281.25,203.125,0,89,55,0,0,0,0,0,0,0,0,0,0,0,0,0,0,0,0,0,0,0,
18.7168,Error ,1.25,-50,-1.72168,0.266113,0,296.875,242.188,0,89,55,0,0,0,0,0,0,0,0,0,0,0,0,0,0,0,0,0,0,0,
18.7218,Error ,1.25,-50,-1.72021,0.26416,0,304.688,234.375,0,81,53,0,0,0,0,0,0,0,0,0,0,0,0,0,0,0,0,0,0,0,
18.7268,Error ,1.25,-50,-1.72119,0.265625,0,320.313,203.125,0,81,53,0,0,0,0,0,0,0,0,0,0,0,0,0,0,0,0,0,0,0,
18.7318,Error ,1.25,-50,-1.72314,0.265137,0,304.688,226.563,0,79,57,0,0,0,0,0,0,0,0,0,0,0,0,0,0,0,0,0,0,0,
18.7368,Error ,1.25,-50,-1.71729,0.26416,0,320.313,195.313,0,79,57,0,0,0,0,0,0,0,0,0,0,0,0,0,0,0,0,0,0,0,
18.7418,Error ,1.25,-50,-1.71973,0.263184,0,304.688,203.125,0,79,57,0,0,0,0,0,0,0,0,0,0,0,0,0,0,0,0,0,0,0,
18.7468,Error ,1.25,-50,-1.72119,0.269043,0,304.688,210.938,0,84,58,0,0,0,0,0,0,0,0,0,0,0,0,0,0,0,0,0,0,0,
18.7518,Error ,1.25,-50,-1.71777,0.263184,0,296.875,226.563,0,84,58,0,0,0,0,0,0,0,0,0,0,0,0,0,0,0,0,0,0,0,
18.7568,Error ,1.25,-50,-1.71924,0.262695,0,312.5,203.125,0,-177,59,0,0,0,0,0,0,0,0,0,0,0,0,0,0,0,0,0,0,0,
18.7618,Error ,1.25,-50,-1.72266,0.267578,0,296.875,226.563,0,-177,59,0,0,0,0,0,0,0,0,0,0,0,0,0,0,0,0,0,0,0,
18.7668,Error ,1.25,-50,-1.72119,0.268555,0,312.5,218.75,0,80,54,0,0,0,0,0,0,0,0,0,0,0,0,0,0,0,0,0,0,0,
18.7718,Error ,1.25,-50,-1.71777,0.264648,0,328.125,234.375,0,80,54,0,0,0,0,0,0,0,0,0,0,0,0,0,0,0,0,0,0,0,
18.7768,Error ,1.25,-50,-1.71777,0.264648,0,328.125,234.375,0,80,62,0,0,0,0,0,0,0,0,0,0,0,0,0,0,0,0,0,0,0,
18.7818,Error ,1.25,-50,-1.71729,0.263184,0,320.313,234.375,0,80,62,0,0,0,0,0,0,0,0,0,0,0,0,0,0,0,0,0,0,0,
18.7868,Error ,1.25,-50,-1.72021,0.271484,0,304.688,250,0,91,57,0,0,0,0,0,0,0,0,0,0,0,0,0,0,0,0,0,0,0,
18.7918,Error ,1.25,-50,-1.71924,0.268066,0,351.563,210.938,0,91,57,0,0,0,0,0,0,0,0,0,0,0,0,0,0,0,0,0,0,0,
18.7973,Error ,1.25,-50,-1.72021,0.265625,0,335.938,234.375,0,-170,50,0,0,0,0,0,0,0,0,0,0,0,0,0,0,0,0,0,0,0,
18.8018,Error ,1.25,-50,-1.7207,0.266113,0,304.688,234.375,0,-170,50,0,0,0,0,0,0,0,0,0,0,0,0,0,0,0,0,0,0,0,
18.8068,Error ,1.25,-50,-1.71729,0.263672,0,312.5,195.313,0,86,50,0,0,0,0,0,0,0,0,0,0,0,0,0,0,0,0,0,0,0,
18.8118,Error ,1.25,-50,-1.72119,0.267578,0,335.938,226.563,0,86,50,0,0,0,0,0,0,0,0,0,0,0,0,0,0,0,0,0,0,0,
18.8168,Error ,1.25,-50,-1.72021,0.26416,0,312.5,179.688,0,85,57,0,0,0,0,0,0,0,0,0,0,0,0,0,0,0,0,0,0,0,
18.8218,Error ,1.25,-50,-1.71924,0.265625,0,304.688,210.938,0,85,57,0,0,0,0,0,0,0,0,0,0,0,0,0,0,0,0,0,0,0,
18.8268,Error ,1.25,-50,-1.72314,0.265137,0,304.688,203.125,0,88,68,0,0,0,0,0,0,0,0,0,0,0,0,0,0,0,0,0,0,0,
18.8318,Error ,1.25,-50,-1.7168,0.265137,0,296.875,226.563,0,88,68,0,0,0,0,0,0,0,0,0,0,0,0,0,0,0,0,0,0,0,
18.8368,Error ,1.25,-50,-1.7207,0.267578,0,312.5,210.938,0,89,53,0,0,0,0,0,0,0,0,0,0,0,0,0,0,0,0,0,0,0,
18.8418,Error ,1.25,-50,-1.72021,0.264648,0,312.5,250,0,89,53,0,0,0,0,0,0,0,0,0,0,0,0,0,0,0,0,0,0,0,
18.8468,Error ,1.25,-50,-1.71826,0.266602,0,304.688,234.375,0,85,55,0,0,0,0,0,0,0,0,0,0,0,0,0,0,0,0,0,0,0,
18.8517,Error ,1.25,-50,-1.72021,0.263672,0,335.938,242.188,0,85,55,0,0,0,0,0,0,0,0,0,0,0,0,0,0,0,0,0,0,0,
18.8567,Error ,1.25,-50,-1.7168,0.265137,0,304.688,234.375,0,90,60,0,0,0,0,0,0,0,0,0,0,0,0,0,0,0,0,0,0,0,
18.8617,Error ,1.25,-50,-1.72266,0.263672,0,296.875,234.375,0,90,60,0,0,0,0,0,0,0,0,0,0,0,0,0,0,0,0,0,0,0,
18.8667,Error ,1.25,-50,-1.71875,0.265137,0,328.125,257.813,0,81,55,0,0,0,0,0,0,0,0,0,0,0,0,0,0,0,0,0,0,0,
18.8717,Error ,1.25,-50,-1.7207,0.265137,0,312.5,218.75,0,81,55,0,0,0,0,0,0,0,0,0,0,0,0,0,0,0,0,0,0,0,
18.8767,Error ,1.25,-50,-1.7207,0.272461,0,281.25,195.313,0,91,57,0,0,0,0,0,0,0,0,0,0,0,0,0,0,0,0,0,0,0,
18.8817,Error ,1.25,-50,-1.72119,0.266113,0,328.125,203.125,0,91,57,0,0,0,0,0,0,0,0,0,0,0,0,0,0,0,0,0,0,0,
18.8867,Error ,1.25,-50,-1.72363,0.265625,0,335.938,234.375,0,84,62,0,0,0,0,0,0,0,0,0,0,0,0,0,0,0,0,0,0,0,
18.8917,Error ,1.25,-50,-1.71973,0.26416,0,320.313,218.75,0,84,62,0,0,0,0,0,0,0,0,0,0,0,0,0,0,0,0,0,0,0,
18.8967,Error ,1.25,-50,-1.72559,0.26709,0,335.938,226.563,0,87,53,0,0,0,0,0,0,0,0,0,0,0,0,0,0,0,0,0,0,0,
18.9017,Error ,1.25,-50,-1.71436,0.265625,0,265.625,218.75,0,87,53,0,0,0,0,0,0,0,0,0,0,0,0,0,0,0,0,0,0,0,
18.9067,Error ,1.25,-50,-1.71973,0.262695,0,343.75,226.563,0,90,54,0,0,0,0,0,0,0,0,0,0,0,0,0,0,0,0,0,0,0,
18.9117,Error ,1.25,-50,-1.72461,0.269531,0,312.5,210.938,0,90,54,0,0,0,0,0,0,0,0,0,0,0,0,0,0,0,0,0,0,0,
18.9167,Error ,1.25,-50,-1.72314,0.268066,0,335.938,242.188,0,-173,53,0,0,0,0,0,0,0,0,0,0,0,0,0,0,0,0,0,0,0,
18.9217,Error ,1.25,-50,-1.72021,0.269043,0,335.938,226.563,0,-173,53,0,0,0,0,0,0,0,0,0,0,0,0,0,0,0,0,0,0,0,
18.9267,Error ,1.25,-50,-1.72021,0.269043,0,335.938,226.563,0,-170,54,0,0,0,0,0,0,0,0,0,0,0,0,0,0,0,0,0,0,0,
18.9317,Error ,1.25,-50,-1.72021,0.265137,0,296.875,234.375,0,-170,54,0,0,0,0,0,0,0,0,0,0,0,0,0,0,0,0,0,0,0,
18.9367,Error ,1.25,-50,-1.72119,0.26709,0,320.313,242.188,0,88,52,0,0,0,0,0,0,0,0,0,0,0,0,0,0,0,0,0,0,0,
18.9417,Error ,1.25,-50,-1.71875,0.264648,0,320.313,226.563,0,88,52,0,0,0,0,0,0,0,0,0,0,0,0,0,0,0,0,0,0,0,
18.9467,Error ,1.25,-50,-1.72021,0.26416,0,343.75,226.563,0,82,58,0,0,0,0,0,0,0,0,0,0,0,0,0,0,0,0,0,0,0,
18.9517,Error ,1.25,-50,-1.72119,0.265137,0,328.125,195.313,0,82,58,0,0,0,0,0,0,0,0,0,0,0,0,0,0,0,0,0,0,0,
18.9567,Error ,1.25,-50,-1.7207,0.264648,0,343.75,234.375,0,88,62,0,0,0,0,0,0,0,0,0,0,0,0,0,0,0,0,0,0,0,
18.9617,Error ,1.25,-50,-1.71826,0.262207,0,296.875,257.813,0,88,62,0,0,0,0,0,0,0,0,0,0,0,0,0,0,0,0,0,0,0,
18.9667,Error ,1.25,-50,-1.72266,0.264648,0,296.875,210.938,0,-172,54,0,0,0,0,0,0,0,0,0,0,0,0,0,0,0,0,0,0,0,
18.9717,Error ,1.25,-50,-1.7207,0.268555,0,328.125,187.5,0,-172,54,0,0,0,0,0,0,0,0,0,0,0,0,0,0,0,0,0,0,0,
18.9767,Error ,1.25,-50,-1.71826,0.269043,0,312.5,234.375,0,89,53,0,0,0,0,0,0,0,0,0,0,0,0,0,0,0,0,0,0,0,
18.9817,Error ,1.25,-50,-1.72217,0.270508,0,312.5,210.938,0,89,53,0,0,0,0,0,0,0,0,0,0,0,0,0,0,0,0,0,0,0,
18.9867,Error ,1.25,-50,-1.71924,0.263672,0,296.875,242.188,0,-167,63,0,0,0,0,0,0,0,0,0,0,0,0,0,0,0,0,0,0,0,
18.9917,Error ,1.25,-50,-1.71973,0.265625,0,312.5,234.375,0,-167,63,0,0,0,0,0,0,0,0,0,0,0,0,0,0,0,0,0,0,0,
18.9967,Error ,1.25,-50,-1.72021,0.266113,0,296.875,226.563,0,80,50,0,0,0,0,0,0,0,0,0,0,0,0,0,0,0,0,0,0,0,
19.0017,Error ,1.25,-50,-1.71973,0.268066,0,281.25,203.125,0,80,50,0,0,0,0,0,0,0,0,0,0,0,0,0,0,0,0,0,0,0,
19.0067,Error ,1.25,-50,-1.71973,0.267578,0,304.688,195.313,0,94,56,0,0,0,0,0,0,0,0,0,0,0,0,0,0,0,0,0,0,0,
19.0117,Error ,1.25,-50,-1.71924,0.26709,0,281.25,203.125,0,94,56,0,0,0,0,0,0,0,0,0,0,0,0,0,0,0,0,0,0,0,
19.0167,Error ,1.25,-50,-1.72266,0.266602,0,328.125,203.125,0,84,56,0,0,0,0,0,0,0,0,0,0,0,0,0,0,0,0,0,0,0,
19.0217,Error ,1.25,-50,-1.71924,0.26416,0,304.688,203.125,0,80,54,0,0,0,0,0,0,0,0,0,0,0,0,0,0,0,0,0,0,0,
19.0267,Error ,1.25,-50,-1.72314,0.26709,0,312.5,210.938,0,80,54,0,0,0,0,0,0,0,0,0,0,0,0,0,0,0,0,0,0,0,
19.0317,Error ,1.25,-50,-1.71777,0.266602,0,343.75,234.375,0,91,59,0,0,0,0,0,0,0,0,0,0,0,0,0,0,0,0,0,0,0,
19.0367,Error ,1.25,-50,-1.71973,0.265137,0,328.125,179.688,0,91,59,0,0,0,0,0,0,0,0,0,0,0,0,0,0,0,0,0,0,0,
19.0417,Error ,1.25,-50,-1.71875,0.266602,0,296.875,242.188,0,87,61,0,0,0,0,0,0,0,0,0,0,0,0,0,0,0,0,0,0,0,
19.0467,Error ,1.25,-50,-1.72168,0.267578,0,289.063,242.188,0,87,61,0,0,0,0,0,0,0,0,0,0,0,0,0,0,0,0,0,0,0,
19.0517,Error ,1.25,-50,-1.72021,0.263672,0,320.313,226.563,0,-170,56,0,0,0,0,0,0,0,0,0,0,0,0,0,0,0,0,0,0,0,
19.0567,Error ,1.25,-50,-1.7207,0.26709,0,335.938,234.375,0,-170,56,0,0,0,0,0,0,0,0,0,0,0,0,0,0,0,0,0,0,0,
19.0617,Error ,1.25,-50,-1.72266,0.263184,0,312.5,210.938,0,91,61,0,0,0,0,0,0,0,0,0,0,0,0,0,0,0,0,0,0,0,
19.0667,Error ,1.25,-50,-1.71826,0.265625,0,304.688,195.313,0,91,61,0,0,0,0,0,0,0,0,0,0,0,0,0,0,0,0,0,0,0,
19.0717,Error ,1.25,-50,-1.71973,0.264648,0,328.125,234.375,0,85,55,0,0,0,0,0,0,0,0,0,0,0,0,0,0,0,0,0,0,0,
19.0767,Error ,1.25,-50,-1.72217,0.266113,0,289.063,234.375,0,85,55,0,0,0,0,0,0,0,0,0,0,0,0,0,0,0,0,0,0,0,
19.0817,Error ,1.25,-50,-1.71924,0.266113,0,312.5,210.938,0,88,60,0,0,0,0,0,0,0,0,0,0,0,0,0,0,0,0,0,0,0,
19.0867,Error ,1.25,-50,-1.72607,0.265137,0,304.688,195.313,0,88,60,0,0,0,0,0,0,0,0,0,0,0,0,0,0,0,0,0,0,0,
19.0917,Error ,1.25,-50,-1.71973,0.268066,0,320.313,210.938,0,88,62,0,0,0,0,0,0,0,0,0,0,0,0,0,0,0,0,0,0,0,
19.0967,Error ,1.25,-50,-1.72656,0.266602,0,328.125,218.75,0,88,62,0,0,0,0,0,0,0,0,0,0,0,0,0,0,0,0,0,0,0,
19.1017,Error ,1.25,-50,-1.7207,0.266602,0,328.125,210.938,0,90,54,0,0,0,0,0,0,0,0,0,0,0,0,0,0,0,0,0,0,0,
19.1067,Error ,1.25,-50,-1.71875,0.268555,0,304.688,210.938,0,90,54,0,0,0,0,0,0,0,0,0,0,0,0,0,0,0,0,0,0,0,
19.1117,Error ,1.25,-50,-1.71973,0.263672,0,289.063,210.938,0,86,58,0,0,0,0,0,0,0,0,0,0,0,0,0,0,0,0,0,0,0,
19.1166,Error ,1.25,-50,-1.71973,0.267578,0,296.875,203.125,0,86,58,0,0,0,0,0,0,0,0,0,0,0,0,0,0,0,0,0,0,0,
19.1221,Error ,1.25,-50,-1.7207,0.27002,0,296.875,226.563,0,86,60,0,0,0,0,0,0,0,0,0,0,0,0,0,0,0,0,0,0,0,
19.1266,Error ,1.25,-50,-1.72021,0.266602,0,343.75,203.125,0,86,60,0,0,0,0,0,0,0,0,0,0,0,0,0,0,0,0,0,0,0,
19.1316,Error ,1.25,-50,-1.72217,0.263184,0,312.5,203.125,0,81,51,0,0,0,0,0,0,0,0,0,0,0,0,0,0,0,0,0,0,0,
19.1366,Error ,1.25,-50,-1.7207,0.263184,0,328.125,203.125,0,81,51,0,0,0,0,0,0,0,0,0,0,0,0,0,0,0,0,0,0,0,
19.1416,Error ,1.25,-50,-1.7251,0.264648,0,320.313,234.375,0,88,48,0,0,0,0,0,0,0,0,0,0,0,0,0,0,0,0,0,0,0,
19.1466,Error ,1.25,-50,-1.71973,0.26416,0,296.875,218.75,0,88,48,0,0,0,0,0,0,0,0,0,0,0,0,0,0,0,0,0,0,0,
19.1516,Error ,1.25,-50,-1.7207,0.268555,0,320.313,218.75,0,86,54,0,0,0,0,0,0,0,0,0,0,0,0,0,0,0,0,0,0,0,
19.1566,Error ,1.25,-50,-1.71924,0.266113,0,335.938,210.938,0,86,54,0,0,0,0,0,0,0,0,0,0,0,0,0,0,0,0,0,0,0,
19.1616,Error ,1.25,-50,-1.71973,0.265137,0,296.875,242.188,0,93,51,0,0,0,0,0,0,0,0,0,0,0,0,0,0,0,0,0,0,0,
19.1666,Error ,1.25,-50,-1.71973,0.269043,0,312.5,218.75,0,93,51,0,0,0,0,0,0,0,0,0,0,0,0,0,0,0,0,0,0,0,
19.1716,Error ,1.25,-50,-1.72168,0.266113,0,328.125,234.375,0,82,62,0,0,0,0,0,0,0,0,0,0,0,0,0,0,0,0,0,0,0,
19.1766,Error ,1.25,-50,-1.72363,0.270996,0,304.688,226.563,0,82,62,0,0,0,0,0,0,0,0,0,0,0,0,0,0,0,0,0,0,0,
19.1816,Error ,1.25,-50,-1.72217,0.270508,0,335.938,234.375,0,94,52,0,0,0,0,0,0,0,0,0,0,0,0,0,0,0,0,0,0,0,
19.1866,Error ,1.25,-50,-1.72168,0.26709,0,296.875,234.375,0,94,52,0,0,0,0,0,0,0,0,0,0,0,0,0,0,0,0,0,0,0,
19.1916,Error ,1.25,-50,-1.72119,0.266113,0,304.688,265.625,0,-168,52,0,0,0,0,0,0,0,0,0,0,0,0,0,0,0,0,0,0,0,
19.1966,Error ,1.25,-50,-1.72168,0.265625,0,296.875,226.563,0,-168,52,0,0,0,0,0,0,0,0,0,0,0,0,0,0,0,0,0,0,0,
19.2016,Error ,1.25,-50,-1.72412,0.265625,0,320.313,250,0,84,48,0,0,0,0,0,0,0,0,0,0,0,0,0,0,0,0,0,0,0,
19.2066,Error ,1.25,-50,-1.72119,0.26709,0,312.5,242.188,0,84,48,0,0,0,0,0,0,0,0,0,0,0,0,0,0,0,0,0,0,0,
19.2116,Error ,1.25,-50,-1.72168,0.267578,0,320.313,226.563,0,80,56,0,0,0,0,0,0,0,0,0,0,0,0,0,0,0,0,0,0,0,
19.2166,Error ,1.25,-50,-1.72461,0.265137,0,304.688,195.313,0,80,56,0,0,0,0,0,0,0,0,0,0,0,0,0,0,0,0,0,0,0,
19.2216,Error ,1.25,-50,-1.72314,0.264648,0,320.313,203.125,0,-170,52,0,0,0,0,0,0,0,0,0,0,0,0,0,0,0,0,0,0,0,
19.2266,Error ,1.25,-50,-1.71436,0.263672,0,335.938,195.313,0,-170,52,0,0,0,0,0,0,0,0,0,0,0,0,0,0,0,0,0,0,0,
19.2316,Error ,1.25,-50,-1.72021,0.26709,0,320.313,234.375,0,86,60,0,0,0,0,0,0,0,0,0,0,0,0,0,0,0,0,0,0,0,
19.2366,Error ,1.25,-50,-1.72363,0.26416,0,320.313,234.375,0,86,60,0,0,0,0,0,0,0,0,0,0,0,0,0,0,0,0,0,0,0,
19.2416,Error ,1.25,-50,-1.7207,0.268066,0,320.313,234.375,0,91,53,0,0,0,0,0,0,0,0,0,0,0,0,0,0,0,0,0,0,0,
19.2466,Error ,1.25,-50,-1.71973,0.262695,0,304.688,226.563,0,91,53,0,0,0,0,0,0,0,0,0,0,0,0,0,0,0,0,0,0,0,
19.2516,Error ,1.25,-50,-1.71826,0.267578,0,320.313,218.75,0,83,59,0,0,0,0,0,0,0,0,0,0,0,0,0,0,0,0,0,0,0,
19.2566,Error ,1.25,-50,-1.71924,0.262695,0,281.25,203.125,0,83,59,0,0,0,0,0,0,0,0,0,0,0,0,0,0,0,0,0,0,0,
19.2616,Error ,1.25,-50,-1.71729,0.263672,0,320.313,195.313,0,80,54,0,0,0,0,0,0,0,0,0,0,0,0,0,0,0,0,0,0,0,
19.2666,Error ,1.25,-50,-1.7207,0.266113,0,296.875,273.438,0,80,54,0,0,0,0,0,0,0,0,0,0,0,0,0,0,0,0,0,0,0,
19.2716,Error ,1.25,-50,-1.72412,0.267578,0,304.688,242.188,0,84,54,0,0,0,0,0,0,0,0,0,0,0,0,0,0,0,0,0,0,0,
19.2766,Error ,1.25,-50,-1.71924,0.263184,0,320.313,203.125,0,84,54,0,0,0,0,0,0,0,0,0,0,0,0,0,0,0,0,0,0,0,
19.2816,Error ,1.25,-50,-1.72266,0.26709,0,281.25,226.563,0,90,54,0,0,0,0,0,0,0,0,0,0,0,0,0,0,0,0,0,0,0,
19.2866,Error ,1.25,-50,-1.71777,0.263184,0,304.688,218.75,0,90,54,0,0,0,0,0,0,0,0,0,0,0,0,0,0,0,0,0,0,0,
19.2916,Error ,1.25,-50,-1.72168,0.268555,0,328.125,226.563,0,88,48,0,0,0,0,0,0,0,0,0,0,0,0,0,0,0,0,0,0,0,
19.2966,Error ,1.25,-50,-1.71924,0.267578,0,304.688,203.125,0,88,48,0,0,0,0,0,0,0,0,0,0,0,0,0,0,0,0,0,0,0,
19.3016,Error ,1.25,-50,-1.71875,0.264648,0,328.125,226.563,0,88,48,0,0,0,0,0,0,0,0,0,0,0,0,0,0,0,0,0,0,0,
19.3066,Error ,1.25,-50,-1.71875,0.26709,0,296.875,218.75,0,86,52,0,0,0,0,0,0,0,0,0,0,0,0,0,0,0,0,0,0,0,
19.3116,Error ,1.25,-50,-1.71826,0.267578,0,312.5,226.563,0,86,52,0,0,0,0,0,0,0,0,0,0,0,0,0,0,0,0,0,0,0,
19.3166,Error ,1.25,-50,-1.72119,0.26709,0,296.875,226.563,0,87,51,0,0,0,0,0,0,0,0,0,0,0,0,0,0,0,0,0,0,0,
19.3216,Error ,1.25,-50,-1.71729,0.26123,0,328.125,234.375,0,87,51,0,0,0,0,0,0,0,0,0,0,0,0,0,0,0,0,0,0,0,
19.3266,Error ,1.25,-50,-1.71973,0.265625,0,281.25,218.75,0,-162,54,0,0,0,0,0,0,0,0,0,0,0,0,0,0,0,0,0,0,0,
19.3316,Error ,1.25,-50,-1.71777,0.262695,0,273.438,203.125,0,-162,54,0,0,0,0,0,0,0,0,0,0,0,0,0,0,0,0,0,0,0,
19.3366,Error ,1.25,-50,-1.72607,0.26709,0,335.938,226.563,0,86,52,0,0,0,0,0,0,0,0,0,0,0,0,0,0,0,0,0,0,0,
19.3416,Error ,1.25,-50,-1.72168,0.269043,0,343.75,226.563,0,86,52,0,0,0,0,0,0,0,0,0,0,0,0,0,0,0,0,0,0,0,
19.3466,Error ,1.25,-50,-1.71826,0.268066,0,320.313,226.563,0,87,61,0,0,0,0,0,0,0,0,0,0,0,0,0,0,0,0,0,0,0,
19.3516,Error ,1.25,-50,-1.71729,0.267578,0,304.688,203.125,0,87,61,0,0,0,0,0,0,0,0,0,0,0,0,0,0,0,0,0,0,0,
19.3566,Error ,1.25,-50,-1.71924,0.265137,0,289.063,210.938,0,85,59,0,0,0,0,0,0,0,0,0,0,0,0,0,0,0,0,0,0,0,
19.3616,Error ,1.25,-50,-1.72217,0.27002,0,296.875,203.125,0,85,59,0,0,0,0,0,0,0,0,0,0,0,0,0,0,0,0,0,0,0,
19.3666,Error ,1.25,-50,-1.71582,0.268066,0,312.5,203.125,0,84,56,0,0,0,0,0,0,0,0,0,0,0,0,0,0,0,0,0,0,0,
19.3715,Error ,1.25,-50,-1.71924,0.265625,0,304.688,195.313,0,84,56,0,0,0,0,0,0,0,0,0,0,0,0,0,0,0,0,0,0,0,
19.3765,Error ,1.25,-50,-1.71777,0.266602,0,328.125,210.938,0,87,61,0,0,0,0,0,0,0,0,0,0,0,0,0,0,0,0,0,0,0,
19.3815,Error ,1.25,-50,-1.7207,0.267578,0,328.125,203.125,0,87,61,0,0,0,0,0,0,0,0,0,0,0,0,0,0,0,0,0,0,0,
19.3865,Error ,1.25,-50,-1.72266,0.266113,0,320.313,226.563,0,81,53,0,0,0,0,0,0,0,0,0,0,0,0,0,0,0,0,0,0,0,
19.3915,Error ,1.25,-50,-1.72217,0.264648,0,320.313,226.563,0,81,53,0,0,0,0,0,0,0,0,0,0,0,0,0,0,0,0,0,0,0,
19.3965,Error ,1.25,-50,-1.71924,0.268555,0,312.5,187.5,0,91,53,0,0,0,0,0,0,0,0,0,0,0,0,0,0,0,0,0,0,0,
19.4015,Error ,1.25,-50,-1.72266,0.26416,0,312.5,234.375,0,91,53,0,0,0,0,0,0,0,0,0,0,0,0,0,0,0,0,0,0,0,
19.4065,Error ,1.25,-50,-1.72119,0.265137,0,320.313,226.563,0,87,55,0,0,0,0,0,0,0,0,0,0,0,0,0,0,0,0,0,0,0,
19.4115,Error ,1.25,-50,-1.71826,0.26709,0,312.5,203.125,0,87,55,0,0,0,0,0,0,0,0,0,0,0,0,0,0,0,0,0,0,0,
19.4165,Error ,1.25,-50,-1.72363,0.267578,0,257.813,179.688,0,87,59,0,0,0,0,0,0,0,0,0,0,0,0,0,0,0,0,0,0,0,
19.4215,Error ,1.25,-50,-1.71924,0.26709,0,304.688,210.938,0,87,59,0,0,0,0,0,0,0,0,0,0,0,0,0,0,0,0,0,0,0,
19.4265,Error ,1.25,-50,-1.71777,0.266113,0,320.313,234.375,0,-173,49,0,0,0,0,0,0,0,0,0,0,0,0,0,0,0,0,0,0,0,
19.4315,Error ,1.25,-50,-1.71973,0.26416,0,328.125,257.813,0,-173,49,0,0,0,0,0,0,0,0,0,0,0,0,0,0,0,0,0,0,0,
19.4365,Error ,1.25,-50,-1.71582,0.262695,0,320.313,234.375,0,84,60,0,0,0,0,0,0,0,0,0,0,0,0,0,0,0,0,0,0,0,
19.4415,Error ,1.25,-50,-1.71777,0.270508,0,304.688,242.188,0,84,60,0,0,0,0,0,0,0,0,0,0,0,0,0,0,0,0,0,0,0,
19.4465,Error ,1.25,-50,-1.72559,0.266113,0,359.375,210.938,0,87,53,0,0,0,0,0,0,0,0,0,0,0,0,0,0,0,0,0,0,0,
19.4515,Error ,1.25,-50,-1.7207,0.26709,0,328.125,210.938,0,87,53,0,0,0,0,0,0,0,0,0,0,0,0,0,0,0,0,0,0,0,
19.4565,Error ,1.25,-50,-1.72363,0.26709,0,289.063,234.375,0,-171,63,0,0,0,0,0,0,0,0,0,0,0,0,0,0,0,0,0,0,0,
19.4615,Error ,1.25,-50,-1.71826,0.259766,0,312.5,257.813,0,-171,63,0,0,0,0,0,0,0,0,0,0,0,0,0,0,0,0,0,0,0,
19.4665,Error ,1.25,-50,-1.72217,0.263672,0,335.938,218.75,0,-169,57,0,0,0,0,0,0,0,0,0,0,0,0,0,0,0,0,0,0,0,
19.4715,Error ,1.25,-50,-1.72266,0.266602,0,304.688,242.188,0,-169,57,0,0,0,0,0,0,0,0,0,0,0,0,0,0,0,0,0,0,0,
19.4765,Error ,1.25,-50,-1.72119,0.266602,0,296.875,218.75,0,88,56,0,0,0,0,0,0,0,0,0,0,0,0,0,0,0,0,0,0,0,
19.4815,Error ,1.25,-50,-1.72168,0.26709,0,312.5,195.313,0,88,56,0,0,0,0,0,0,0,0,0,0,0,0,0,0,0,0,0,0,0,
19.4865,Error ,1.25,-50,-1.7207,0.263184,0,304.688,234.375,0,90,60,0,0,0,0,0,0,0,0,0,0,0,0,0,0,0,0,0,0,0,
19.4915,Error ,1.25,-50,-1.72168,0.26709,0,296.875,210.938,0,90,60,0,0,0,0,0,0,0,0,0,0,0,0,0,0,0,0,0,0,0,
19.4965,Error ,1.25,-50,-1.72217,0.268555,0,281.25,242.188,0,86,56,0,0,0,0,0,0,0,0,0,0,0,0,0,0,0,0,0,0,0,
19.5015,Error ,1.25,-50,-1.72021,0.267578,0,312.5,187.5,0,86,56,0,0,0,0,0,0,0,0,0,0,0,0,0,0,0,0,0,0,0,
19.5065,Error ,1.25,-50,-1.72314,0.263672,0,296.875,218.75,0,78,64,0,0,0,0,0,0,0,0,0,0,0,0,0,0,0,0,0,0,0,
19.5115,Error ,1.25,-50,-1.72217,0.271484,0,343.75,218.75,0,78,64,0,0,0,0,0,0,0,0,0,0,0,0,0,0,0,0,0,0,0,
19.5165,Error ,1.25,-50,-1.7168,0.266602,0,328.125,234.375,0,-173,57,0,0,0,0,0,0,0,0,0,0,0,0,0,0,0,0,0,0,0,
19.5215,Error ,1.25,-50,-1.72119,0.267578,0,320.313,195.313,0,-173,57,0,0,0,0,0,0,0,0,0,0,0,0,0,0,0,0,0,0,0,
19.5265,Error ,1.25,-50,-1.71826,0.270508,0,296.875,250,0,80,60,0,0,0,0,0,0,0,0,0,0,0,0,0,0,0,0,0,0,0,
19.5315,Error ,1.25,-50,-1.7207,0.26416,0,281.25,234.375,0,80,60,0,0,0,0,0,0,0,0,0,0,0,0,0,0,0,0,0,0,0,
19.5365,Error ,1.25,-50,-1.71973,0.269043,0,265.625,195.313,0,79,59,0,0,0,0,0,0,0,0,0,0,0,0,0,0,0,0,0,0,0,
19.5415,Error ,1.25,-50,-1.71924,0.264648,0,312.5,210.938,0,79,59,0,0,0,0,0,0,0,0,0,0,0,0,0,0,0,0,0,0,0,
19.5465,Error ,1.25,-50,-1.72168,0.267578,0,320.313,218.75,0,81,45,0,0,0,0,0,0,0,0,0,0,0,0,0,0,0,0,0,0,0,
19.5515,Error ,1.25,-50,-1.72021,0.263184,0,320.313,187.5,0,81,45,0,0,0,0,0,0,0,0,0,0,0,0,0,0,0,0,0,0,0,
19.5565,Error ,1.25,-50,-1.71924,0.260742,0,320.313,195.313,0,83,53,0,0,0,0,0,0,0,0,0,0,0,0,0,0,0,0,0,0,0,
19.5615,Error ,1.25,-50,-1.71777,0.26709,0,312.5,203.125,0,83,53,0,0,0,0,0,0,0,0,0,0,0,0,0,0,0,0,0,0,0,
19.5665,Error ,1.25,-50,-1.72168,0.268066,0,296.875,218.75,0,-169,61,0,0,0,0,0,0,0,0,0,0,0,0,0,0,0,0,0,0,0,
19.5715,Error ,1.25,-50,-1.71924,0.266602,0,320.313,250,0,-169,61,0,0,0,0,0,0,0,0,0,0,0,0,0,0,0,0,0,0,0,
19.5765,Error ,1.25,-50,-1.71777,0.27002,0,304.688,218.75,0,-169,61,0,0,0,0,0,0,0,0,0,0,0,0,0,0,0,0,0,0,0,
19.5815,Error ,1.25,-50,-1.72217,0.26709,0,312.5,187.5,0,91,65,0,0,0,0,0,0,0,0,0,0,0,0,0,0,0,0,0,0,0,
19.5865,Error ,1.25,-50,-1.71875,0.269043,0,289.063,226.563,0,91,65,0,0,0,0,0,0,0,0,0,0,0,0,0,0,0,0,0,0,0,
19.5915,Error ,1.25,-50,-1.72119,0.268066,0,312.5,226.563,0,-167,53,0,0,0,0,0,0,0,0,0,0,0,0,0,0,0,0,0,0,0,
19.5965,Error ,1.25,-50,-1.72021,0.265137,0,296.875,210.938,0,-167,53,0,0,0,0,0,0,0,0,0,0,0,0,0,0,0,0,0,0,0,
19.6015,Error ,1.25,-50,-1.71826,0.267578,0,320.313,218.75,0,87,45,0,0,0,0,0,0,0,0,0,0,0,0,0,0,0,0,0,0,0,
19.6092,Error ,1.25,-50,-1.71631,0.266113,0,296.875,210.938,0,87,45,0,0,0,0,0,0,0,0,0,0,0,0,0,0,0,0,0,0,0,
19.6115,Error ,1.25,-50,-1.72266,0.264648,0,335.938,195.313,0,-167,59,0,0,0,0,0,0,0,0,0,0,0,0,0,0,0,0,0,0,0,
19.6165,Error ,1.25,-50,-1.72021,0.268555,0,343.75,234.375,0,-167,59,0,0,0,0,0,0,0,0,0,0,0,0,0,0,0,0,0,0,0,
19.6215,Error ,1.25,-50,-1.72021,0.263672,0,304.688,187.5,0,87,57,0,0,0,0,0,0,0,0,0,0,0,0,0,0,0,0,0,0,0,
19.6264,Error ,1.25,-50,-1.71973,0.264648,0,328.125,242.188,0,87,57,0,0,0,0,0,0,0,0,0,0,0,0,0,0,0,0,0,0,0,
19.6315,Error ,1.25,-50,-1.71826,0.266113,0,304.688,210.938,0,-178,56,0,0,0,0,0,0,0,0,0,0,0,0,0,0,0,0,0,0,0,
19.6364,Error ,1.25,-50,-1.7207,0.268555,0,289.063,226.563,0,-178,56,0,0,0,0,0,0,0,0,0,0,0,0,0,0,0,0,0,0,0,
19.6414,Error ,1.25,-50,-1.72119,0.268066,0,328.125,218.75,0,84,58,0,0,0,0,0,0,0,0,0,0,0,0,0,0,0,0,0,0,0,
19.6464,Error ,1.25,-50,-1.71631,0.266113,0,304.688,226.563,0,84,58,0,0,0,0,0,0,0,0,0,0,0,0,0,0,0,0,0,0,0,
19.6514,Error ,1.25,-50,-1.7207,0.266602,0,304.688,210.938,0,-175,55,0,0,0,0,0,0,0,0,0,0,0,0,0,0,0,0,0,0,0,
19.6564,Error ,1.25,-50,-1.72363,0.266113,0,312.5,234.375,0,-175,55,0,0,0,0,0,0,0,0,0,0,0,0,0,0,0,0,0,0,0,
19.6614,Error ,1.25,-50,-1.72021,0.264648,0,343.75,210.938,0,80,58,0,0,0,0,0,0,0,0,0,0,0,0,0,0,0,0,0,0,0,
19.6664,Error ,1.25,-50,-1.71631,0.263672,0,343.75,218.75,0,80,58,0,0,0,0,0,0,0,0,0,0,0,0,0,0,0,0,0,0,0,
19.6714,Error ,1.25,-50,-1.7207,0.263184,0,312.5,203.125,0,91,59,0,0,0,0,0,0,0,0,0,0,0,0,0,0,0,0,0,0,0,
19.6764,Error ,1.25,-50,-1.72461,0.268066,0,273.438,226.563,0,91,59,0,0,0,0,0,0,0,0,0,0,0,0,0,0,0,0,0,0,0,
19.6814,Error ,1.25,-50,-1.71973,0.262695,0,273.438,226.563,0,79,55,0,0,0,0,0,0,0,0,0,0,0,0,0,0,0,0,0,0,0,
19.6864,Error ,1.25,-50,-1.72168,0.266602,0,304.688,226.563,0,79,55,0,0,0,0,0,0,0,0,0,0,0,0,0,0,0,0,0,0,0,
19.6914,Error ,1.25,-50,-1.72412,0.265137,0,289.063,210.938,0,92,60,0,0,0,0,0,0,0,0,0,0,0,0,0,0,0,0,0,0,0,
19.6964,Error ,1.25,-50,-1.72314,0.265137,0,320.313,203.125,0,92,60,0,0,0,0,0,0,0,0,0,0,0,0,0,0,0,0,0,0,0,
19.7014,Error ,1.25,-50,-1.72607,0.26416,0,320.313,210.938,0,95,55,0,0,0,0,0,0,0,0,0,0,0,0,0,0,0,0,0,0,0,
19.7064,Error ,1.25,-50,-1.71924,0.268555,0,312.5,203.125,0,95,55,0,0,0,0,0,0,0,0,0,0,0,0,0,0,0,0,0,0,0,
19.7114,Error ,1.25,-50,-1.72168,0.261719,0,335.938,218.75,0,80,58,0,0,0,0,0,0,0,0,0,0,0,0,0,0,0,0,0,0,0,
19.7164,Error ,1.25,-50,-1.72168,0.266113,0,304.688,195.313,0,80,58,0,0,0,0,0,0,0,0,0,0,0,0,0,0,0,0,0,0,0,
19.7214,Error ,1.25,-50,-1.71875,0.264648,0,312.5,187.5,0,84,50,0,0,0,0,0,0,0,0,0,0,0,0,0,0,0,0,0,0,0,
19.7264,Error ,1.25,-50,-1.72266,0.26709,0,289.063,171.875,0,84,50,0,0,0,0,0,0,0,0,0,0,0,0,0,0,0,0,0,0,0,
19.7314,Error ,1.25,-50,-1.71875,0.269043,0,304.688,226.563,0,-167,61,0,0,0,0,0,0,0,0,0,0,0,0,0,0,0,0,0,0,0,
19.7364,Error ,1.25,-50,-1.71973,0.271973,0,320.313,250,0,-167,61,0,0,0,0,0,0,0,0,0,0,0,0,0,0,0,0,0,0,0,
19.7414,Error ,1.25,-50,-1.72559,0.266602,0,320.313,265.625,0,79,57,0,0,0,0,0,0,0,0,0,0,0,0,0,0,0,0,0,0,0,
19.7464,Error ,1.25,-50,-1.72363,0.269531,0,328.125,218.75,0,79,57,0,0,0,0,0,0,0,0,0,0,0,0,0,0,0,0,0,0,0,
19.7514,Error ,1.25,-50,-1.71924,0.266602,0,335.938,218.75,0,82,62,0,0,0,0,0,0,0,0,0,0,0,0,0,0,0,0,0,0,0,
19.7564,Error ,1.25,-50,-1.71533,0.266602,0,320.313,242.188,0,82,62,0,0,0,0,0,0,0,0,0,0,0,0,0,0,0,0,0,0,0,
19.7614,Error ,1.25,-50,-1.71924,0.265625,0,312.5,203.125,0,-167,51,0,0,0,0,0,0,0,0,0,0,0,0,0,0,0,0,0,0,0,
19.7664,Error ,1.25,-50,-1.71875,0.266113,0,320.313,257.813,0,-167,51,0,0,0,0,0,0,0,0,0,0,0,0,0,0,0,0,0,0,0,
19.7714,Error ,1.25,-50,-1.72314,0.266602,0,351.563,187.5,0,87,51,0,0,0,0,0,0,0,0,0,0,0,0,0,0,0,0,0,0,0,
19.7764,Error ,1.25,-50,-1.7207,0.26123,0,343.75,195.313,0,87,51,0,0,0,0,0,0,0,0,0,0,0,0,0,0,0,0,0,0,0,
19.7814,Error ,1.25,-50,-1.71875,0.268555,0,328.125,210.938,0,91,55,0,0,0,0,0,0,0,0,0,0,0,0,0,0,0,0,0,0,0,
19.7864,Error ,1.25,-50,-1.71924,0.268066,0,296.875,195.313,0,91,55,0,0,0,0,0,0,0,0,0,0,0,0,0,0,0,0,0,0,0,
19.7914,Error ,1.25,-50,-1.71826,0.26709,0,312.5,187.5,0,84,46,0,0,0,0,0,0,0,0,0,0,0,0,0,0,0,0,0,0,0,
19.7964,Error ,1.25,-50,-1.72168,0.26709,0,273.438,218.75,0,84,46,0,0,0,0,0,0,0,0,0,0,0,0,0,0,0,0,0,0,0,
19.8014,Error ,1.25,-50,-1.71631,0.266113,0,296.875,218.75,0,87,49,0,0,0,0,0,0,0,0,0,0,0,0,0,0,0,0,0,0,0,
19.8064,Error ,1.25,-50,-1.71973,0.266602,0,328.125,226.563,0,87,49,0,0,0,0,0,0,0,0,0,0,0,0,0,0,0,0,0,0,0,
19.8119,Error ,1.25,-50,-1.72021,0.263672,0,343.75,234.375,0,87,61,0,0,0,0,0,0,0,0,0,0,0,0,0,0,0,0,0,0,0,
19.8164,Error ,1.25,-50,-1.71875,0.268555,0,312.5,210.938,0,87,61,0,0,0,0,0,0,0,0,0,0,0,0,0,0,0,0,0,0,0,
19.8214,Error ,1.25,-50,-1.71875,0.262207,0,328.125,218.75,0,84,54,0,0,0,0,0,0,0,0,0,0,0,0,0,0,0,0,0,0,0,
19.8264,Error ,1.25,-50,-1.71826,0.269043,0,320.313,210.938,0,84,54,0,0,0,0,0,0,0,0,0,0,0,0,0,0,0,0,0,0,0,
19.8314,Error ,1.25,-50,-1.7251,0.269043,0,312.5,226.563,0,85,57,0,0,0,0,0,0,0,0,0,0,0,0,0,0,0,0,0,0,0,
19.8364,Error ,1.25,-50,-1.71875,0.264648,0,304.688,218.75,0,85,57,0,0,0,0,0,0,0,0,0,0,0,0,0,0,0,0,0,0,0,
19.8414,Error ,1.25,-50,-1.72168,0.264648,0,304.688,210.938,0,83,55,0,0,0,0,0,0,0,0,0,0,0,0,0,0,0,0,0,0,0,
19.8464,Error ,1.25,-50,-1.72119,0.264648,0,296.875,210.938,0,83,55,0,0,0,0,0,0,0,0,0,0,0,0,0,0,0,0,0,0,0,
19.8514,Error ,1.25,-50,-1.71631,0.26416,0,296.875,226.563,0,83,55,0,0,0,0,0,0,0,0,0,0,0,0,0,0,0,0,0,0,0,
19.8564,Error ,1.25,-50,-1.72119,0.265137,0,320.313,218.75,0,-169,53,0,0,0,0,0,0,0,0,0,0,0,0,0,0,0,0,0,0,0,
19.8614,Error ,1.25,-50,-1.71973,0.261719,0,335.938,234.375,0,-169,53,0,0,0,0,0,0,0,0,0,0,0,0,0,0,0,0,0,0,0,
19.8664,Error ,1.25,-50,-1.71826,0.265137,0,335.938,234.375,0,88,56,0,0,0,0,0,0,0,0,0,0,0,0,0,0,0,0,0,0,0,
19.8714,Error ,1.25,-50,-1.71875,0.268066,0,359.375,226.563,0,88,56,0,0,0,0,0,0,0,0,0,0,0,0,0,0,0,0,0,0,0,
19.8763,Error ,1.25,-50,-1.71826,0.265137,0,343.75,203.125,0,86,58,0,0,0,0,0,0,0,0,0,0,0,0,0,0,0,0,0,0,0,
19.8814,Error ,1.25,-50,-1.72119,0.27002,0,351.563,250,0,86,58,0,0,0,0,0,0,0,0,0,0,0,0,0,0,0,0,0,0,0,
19.8863,Error ,1.25,-50,-1.72217,0.268555,0,320.313,187.5,0,-171,47,0,0,0,0,0,0,0,0,0,0,0,0,0,0,0,0,0,0,0,
19.8914,Error ,1.25,-50,-1.71924,0.261719,0,281.25,187.5,0,-171,47,0,0,0,0,0,0,0,0,0,0,0,0,0,0,0,0,0,0,0,
19.8963,Error ,1.25,-50,-1.71777,0.27002,0,320.313,195.313,0,92,62,0,0,0,0,0,0,0,0,0,0,0,0,0,0,0,0,0,0,0,
19.9013,Error ,1.25,-50,-1.71777,0.266113,0,343.75,234.375,0,92,62,0,0,0,0,0,0,0,0,0,0,0,0,0,0,0,0,0,0,0,
19.9063,Error ,1.25,-50,-1.71729,0.26416,0,281.25,242.188,0,92,54,0,0,0,0,0,0,0,0,0,0,0,0,0,0,0,0,0,0,0,
19.9113,Error ,1.25,-50,-1.72314,0.267578,0,289.063,218.75,0,92,54,0,0,0,0,0,0,0,0,0,0,0,0,0,0,0,0,0,0,0,
19.9163,Error ,1.25,-50,-1.7207,0.266113,0,281.25,195.313,0,92,56,0,0,0,0,0,0,0,0,0,0,0,0,0,0,0,0,0,0,0,
19.9213,Error ,1.25,-50,-1.71875,0.262695,0,312.5,203.125,0,92,56,0,0,0,0,0,0,0,0,0,0,0,0,0,0,0,0,0,0,0,
19.9263,Error ,1.25,-50,-1.72119,0.262207,0,312.5,226.563,0,83,63,0,0,0,0,0,0,0,0,0,0,0,0,0,0,0,0,0,0,0,
19.9313,Error ,1.25,-50,-1.72119,0.268555,0,343.75,242.188,0,83,63,0,0,0,0,0,0,0,0,0,0,0,0,0,0,0,0,0,0,0,
19.9363,Error ,1.25,-50,-1.72021,0.266113,0,343.75,203.125,0,81,53,0,0,0,0,0,0,0,0,0,0,0,0,0,0,0,0,0,0,0,
19.9413,Error ,1.25,-50,-1.72217,0.265625,0,312.5,226.563,0,81,53,0,0,0,0,0,0,0,0,0,0,0,0,0,0,0,0,0,0,0,
19.9463,Error ,1.25,-50,-1.71826,0.267578,0,335.938,179.688,0,86,60,0,0,0,0,0,0,0,0,0,0,0,0,0,0,0,0,0,0,0,
19.9513,Error ,1.25,-50,-1.72412,0.267578,0,281.25,187.5,0,86,60,0,0,0,0,0,0,0,0,0,0,0,0,0,0,0,0,0,0,0,
19.9563,Error ,1.25,-50,-1.7168,0.269531,0,312.5,226.563,0,-173,61,0,0,0,0,0,0,0,0,0,0,0,0,0,0,0,0,0,0,0,
19.9613,Error ,1.25,-50,-1.71924,0.265625,0,296.875,203.125,0,-173,61,0,0,0,0,0,0,0,0,0,0,0,0,0,0,0,0,0,0,0,
19.9663,Error ,1.25,-50,-1.72217,0.262207,0,281.25,218.75,0,84,54,0,0,0,0,0,0,0,0,0,0,0,0,0,0,0,0,0,0,0,
19.9713,Error ,1.25,-50,-1.71924,0.265137,0,312.5,195.313,0,84,54,0,0,0,0,0,0,0,0,0,0,0,0,0,0,0,0,0,0,0,
19.9763,Error ,1.25,-50,-1.71777,0.265137,0,335.938,218.75,0,84,60,0,0,0,0,0,0,0,0,0,0,0,0,0,0,0,0,0,0,0,
19.9813,Error ,1.25,-50,-1.72119,0.266113,0,335.938,242.188,0,84,60,0,0,0,0,0,0,0,0,0,0,0,0,0,0,0,0,0,0,0,
19.9863,Error ,1.25,-50,-1.71631,0.27002,0,335.938,210.938,0,83,53,0,0,0,0,0,0,0,0,0,0,0,0,0,0,0,0,0,0,0,
19.9913,Error ,1.25,-50,-1.72021,0.265137,0,320.313,210.938,0,83,53,0,0,0,0,0,0,0,0,0,0,0,0,0,0,0,0,0,0,0,
19.9963,Error ,1.25,-50,-1.72363,0.266113,0,296.875,242.188,0,90,64,0,0,0,0,0,0,0,0,0,0,0,0,0,0,0,0,0,0,0,
20.0013,Error ,1.25,-50,-1.72217,0.26709,0,304.688,203.125,0,90,64,0,0,0,0,0,0,0,0,0,0,0,0,0,0,0,0,0,0,0,
20.0063,Error ,1.25,-50,-1.71924,0.262695,0,312.5,226.563,0,85,53,0,0,0,0,0,0,0,0,0,0,0,0,0,0,0,0,0,0,0,
20.0113,Error ,1.25,-50,-1.7207,0.265625,0,312.5,210.938,0,85,53,0,0,0,0,0,0,0,0,0,0,0,0,0,0,0,0,0,0,0,
20.0163,Error ,1.25,-50,-1.72217,0.266602,0,273.438,226.563,0,82,52,0,0,0,0,0,0,0,0,0,0,0,0,0,0,0,0,0,0,0,
20.0213,Error ,1.25,-50,-1.71729,0.26709,0,320.313,187.5,0,82,52,0,0,0,0,0,0,0,0,0,0,0,0,0,0,0,0,0,0,0,
20.0263,Error ,1.25,-50,-1.71875,0.26709,0,328.125,203.125,0,-167,53,0,0,0,0,0,0,0,0,0,0,0,0,0,0,0,0,0,0,0,
20.0313,Error ,1.25,-50,-1.71875,0.263672,0,320.313,242.188,0,-167,53,0,0,0,0,0,0,0,0,0,0,0,0,0,0,0,0,0,0,0,
20.0363,Error ,1.25,-50,-1.72168,0.26709,0,296.875,195.313,0,-164,56,0,0,0,0,0,0,0,0,0,0,0,0,0,0,0,0,0,0,0,
20.0413,Error ,1.25,-50,-1.72168,0.266602,0,289.063,250,0,-164,56,0,0,0,0,0,0,0,0,0,0,0,0,0,0,0,0,0,0,0,
20.0463,Error ,1.25,-50,-1.71924,0.26709,0,312.5,195.313,0,-173,57,0,0,0,0,0,0,0,0,0,0,0,0,0,0,0,0,0,0,0,
20.0513,Error ,1.25,-50,-1.72412,0.270996,0,312.5,210.938,0,-173,57,0,0,0,0,0,0,0,0,0,0,0,0,0,0,0,0,0,0,0,
20.0563,Error ,1.25,-50,-1.71973,0.262695,0,335.938,210.938,0,-175,57,0,0,0,0,0,0,0,0,0,0,0,0,0,0,0,0,0,0,0,
20.0613,Error ,1.25,-50,-1.71826,0.268066,0,320.313,226.563,0,-175,57,0,0,0,0,0,0,0,0,0,0,0,0,0,0,0,0,0,0,0,
20.0663,Error ,1.25,-50,-1.72412,0.266113,0,296.875,210.938,0,81,53,0,0,0,0,0,0,0,0,0,0,0,0,0,0,0,0,0,0,0,
20.0713,Error ,1.25,-50,-1.72021,0.265137,0,289.063,218.75,0,81,53,0,0,0,0,0,0,0,0,0,0,0,0,0,0,0,0,0,0,0,
20.0763,Error ,1.25,-50,-1.71973,0.264648,0,328.125,226.563,0,-165,51,0,0,0,0,0,0,0,0,0,0,0,0,0,0,0,0,0,0,0,
20.0813,Error ,1.25,-50,-1.7207,0.269531,0,296.875,218.75,0,-165,51,0,0,0,0,0,0,0,0,0,0,0,0,0,0,0,0,0,0,0,
20.0863,Error ,1.25,-50,-1.72119,0.262207,0,296.875,218.75,0,86,66,0,0,0,0,0,0,0,0,0,0,0,0,0,0,0,0,0,0,0,
20.0913,Error ,1.25,-50,-1.71973,0.267578,0,289.063,226.563,0,86,66,0,0,0,0,0,0,0,0,0,0,0,0,0,0,0,0,0,0,0,
20.0963,Error ,1.25,-50,-1.72461,0.268066,0,289.063,218.75,0,84,54,0,0,0,0,0,0,0,0,0,0,0,0,0,0,0,0,0,0,0,
20.1013,Error ,1.25,-50,-1.72021,0.266602,0,312.5,203.125,0,84,54,0,0,0,0,0,0,0,0,0,0,0,0,0,0,0,0,0,0,0,
20.1063,Error ,1.25,-50,-1.7207,0.268066,0,335.938,226.563,0,86,54,0,0,0,0,0,0,0,0,0,0,0,0,0,0,0,0,0,0,0,
20.1113,Error ,1.25,-50,-1.72119,0.27002,0,296.875,218.75,0,86,54,0,0,0,0,0,0,0,0,0,0,0,0,0,0,0,0,0,0,0,
20.1163,Error ,1.25,-50,-1.71973,0.266602,0,320.313,218.75,0,-171,59,0,0,0,0,0,0,0,0,0,0,0,0,0,0,0,0,0,0,0,
20.1213,Error ,1.25,-50,-1.71826,0.26416,0,320.313,187.5,0,-171,59,0,0,0,0,0,0,0,0,0,0,0,0,0,0,0,0,0,0,0,
20.1263,Error ,1.25,-50,-1.7207,0.264648,0,304.688,218.75,0,-171,59,0,0,0,0,0,0,0,0,0,0,0,0,0,0,0,0,0,0,0,
20.1313,Error ,1.25,-50,-1.7207,0.268066,0,304.688,226.563,0,-177,55,0,0,0,0,0,0,0,0,0,0,0,0,0,0,0,0,0,0,0,
20.1363,Error ,1.25,-50,-1.71875,0.267578,0,328.125,242.188,0,-177,55,0,0,0,0,0,0,0,0,0,0,0,0,0,0,0,0,0,0,0,
20.1413,Error ,1.25,-50,-1.71729,0.26416,0,320.313,210.938,0,86,56,0,0,0,0,0,0,0,0,0,0,0,0,0,0,0,0,0,0,0,
20.1463,Error ,1.25,-50,-1.7124,0.266602,0,335.938,242.188,0,86,56,0,0,0,0,0,0,0,0,0,0,0,0,0,0,0,0,0,0,0,
20.1513,Error ,1.25,-50,-1.72119,0.264648,0,281.25,226.563,0,88,54,0,0,0,0,0,0,0,0,0,0,0,0,0,0,0,0,0,0,0,
20.1563,Error ,1.25,-50,-1.7207,0.269043,0,312.5,242.188,0,88,54,0,0,0,0,0,0,0,0,0,0,0,0,0,0,0,0,0,0,0,
20.1613,Error ,1.25,-50,-1.71924,0.263672,0,312.5,210.938,0,97,53,0,0,0,0,0,0,0,0,0,0,0,0,0,0,0,0,0,0,0,
20.1663,Error ,1.25,-50,-1.72168,0.266602,0,296.875,210.938,0,97,53,0,0,0,0,0,0,0,0,0,0,0,0,0,0,0,0,0,0,0,
20.1712,Error ,1.25,-50,-1.71973,0.265625,0,296.875,210.938,0,95,59,0,0,0,0,0,0,0,0,0,0,0,0,0,0,0,0,0,0,0,
20.1763,Error ,1.25,-50,-1.7207,0.266113,0,312.5,226.563,0,95,59,0,0,0,0,0,0,0,0,0,0,0,0,0,0,0,0,0,0,0,
20.1812,Error ,1.25,-50,-1.72021,0.267578,0,304.688,257.813,0,87,57,0,0,0,0,0,0,0,0,0,0,0,0,0,0,0,0,0,0,0,
20.1863,Error ,1.25,-50,-1.72021,0.267578,0,359.375,210.938,0,87,57,0,0,0,0,0,0,0,0,0,0,0,0,0,0,0,0,0,0,0,
20.1912,Error ,1.25,-50,-1.71924,0.272949,0,304.688,226.563,0,87,53,0,0,0,0,0,0,0,0,0,0,0,0,0,0,0,0,0,0,0,
20.1962,Error ,1.25,-50,-1.71875,0.260254,0,296.875,218.75,0,87,53,0,0,0,0,0,0,0,0,0,0,0,0,0,0,0,0,0,0,0,
20.2012,Error ,1.25,-50,-1.71973,0.267578,0,328.125,242.188,0,81,57,0,0,0,0,0,0,0,0,0,0,0,0,0,0,0,0,0,0,0,
20.2062,Error ,1.25,-50,-1.71973,0.264648,0,281.25,203.125,0,81,57,0,0,0,0,0,0,0,0,0,0,0,0,0,0,0,0,0,0,0,
20.2112,Error ,1.25,-50,-1.71729,0.263184,0,312.5,210.938,0,86,50,0,0,0,0,0,0,0,0,0,0,0,0,0,0,0,0,0,0,0,
20.2162,Error ,1.25,-50,-1.72119,0.269043,0,312.5,250,0,86,50,0,0,0,0,0,0,0,0,0,0,0,0,0,0,0,0,0,0,0,
20.2212,Error ,1.25,-50,-1.71826,0.26709,0,312.5,187.5,0,-171,53,0,0,0,0,0,0,0,0,0,0,0,0,0,0,0,0,0,0,0,
20.2262,Error ,1.25,-50,-1.7207,0.269531,0,304.688,257.813,0,-171,53,0,0,0,0,0,0,0,0,0,0,0,0,0,0,0,0,0,0,0,
20.2312,Error ,1.25,-50,-1.72021,0.267578,0,343.75,250,0,82,48,0,0,0,0,0,0,0,0,0,0,0,0,0,0,0,0,0,0,0,
20.2362,Error ,1.25,-50,-1.72266,0.265137,0,312.5,210.938,0,82,48,0,0,0,0,0,0,0,0,0,0,0,0,0,0,0,0,0,0,0,
20.2412,Error ,1.25,-50,-1.71875,0.267578,0,320.313,218.75,0,84,50,0,0,0,0,0,0,0,0,0,0,0,0,0,0,0,0,0,0,0,
20.2462,Error ,1.25,-50,-1.72266,0.267578,0,304.688,218.75,0,84,50,0,0,0,0,0,0,0,0,0,0,0,0,0,0,0,0,0,0,0,
20.2512,Error ,1.25,-50,-1.72119,0.262207,0,289.063,179.688,0,77,49,0,0,0,0,0,0,0,0,0,0,0,0,0,0,0,0,0,0,0,
20.2562,Error ,1.25,-50,-1.71777,0.26709,0,289.063,234.375,0,77,49,0,0,0,0,0,0,0,0,0,0,0,0,0,0,0,0,0,0,0,
20.2668,Error ,1.25,-50,-1.71875,0.266602,0,289.063,234.375,0,-172,56,0,0,0,0,0,0,0,0,0,0,0,0,0,0,0,0,0,0,0,
20.2712,Error ,1.25,-50,-1.71875,0.261719,0,273.438,226.563,0,86,54,0,0,0,0,0,0,0,0,0,0,0,0,0,0,0,0,0,0,0,
20.2762,Error ,1.25,-50,-1.72412,0.268066,0,343.75,234.375,0,86,54,0,0,0,0,0,0,0,0,0,0,0,0,0,0,0,0,0,0,0,
20.2812,Error ,1.25,-50,-1.71777,0.266113,0,296.875,242.188,0,81,51,0,0,0,0,0,0,0,0,0,0,0,0,0,0,0,0,0,0,0,
20.2862,Error ,1.25,-50,-1.71777,0.266113,0,281.25,226.563,0,81,51,0,0,0,0,0,0,0,0,0,0,0,0,0,0,0,0,0,0,0,
20.2912,Error ,1.25,-50,-1.72461,0.266602,0,320.313,242.188,0,81,59,0,0,0,0,0,0,0,0,0,0,0,0,0,0,0,0,0,0,0,
20.2962,Error ,1.25,-50,-1.7207,0.265625,0,289.063,203.125,0,81,59,0,0,0,0,0,0,0,0,0,0,0,0,0,0,0,0,0,0,0,
20.3012,Error ,1.25,-50,-1.7207,0.265137,0,304.688,203.125,0,90,56,0,0,0,0,0,0,0,0,0,0,0,0,0,0,0,0,0,0,0,
20.3067,Error ,1.25,-50,-1.7207,0.265137,0,304.688,203.125,0,90,56,0,0,0,0,0,0,0,0,0,0,0,0,0,0,0,0,0,0,0,
20.3112,Error ,1.25,-50,-1.71924,0.265137,0,312.5,187.5,0,86,54,0,0,0,0,0,0,0,0,0,0,0,0,0,0,0,0,0,0,0,
20.3162,Error ,1.25,-50,-1.71777,0.264648,0,312.5,234.375,0,86,54,0,0,0,0,0,0,0,0,0,0,0,0,0,0,0,0,0,0,0,
20.3212,Error ,1.25,-50,-1.71631,0.266602,0,304.688,234.375,0,86,58,0,0,0,0,0,0,0,0,0,0,0,0,0,0,0,0,0,0,0,
20.3262,Error ,1.25,-50,-1.72217,0.26123,0,328.125,203.125,0,86,58,0,0,0,0,0,0,0,0,0,0,0,0,0,0,0,0,0,0,0,
20.3312,Error ,1.25,-50,-1.72119,0.266602,0,320.313,195.313,0,85,61,0,0,0,0,0,0,0,0,0,0,0,0,0,0,0,0,0,0,0,
20.3362,Error ,1.25,-50,-1.72217,0.26709,0,335.938,257.813,0,85,61,0,0,0,0,0,0,0,0,0,0,0,0,0,0,0,0,0,0,0,
20.3412,Error ,1.25,-50,-1.71924,0.27002,0,304.688,234.375,0,92,56,0,0,0,0,0,0,0,0,0,0,0,0,0,0,0,0,0,0,0,
20.3462,Error ,1.25,-50,-1.7207,0.263184,0,320.313,242.188,0,92,56,0,0,0,0,0,0,0,0,0,0,0,0,0,0,0,0,0,0,0,
20.3512,Error ,1.25,-50,-1.72168,0.268555,0,328.125,203.125,0,83,57,0,0,0,0,0,0,0,0,0,0,0,0,0,0,0,0,0,0,0,
20.3562,Error ,1.25,-50,-1.72168,0.262695,0,281.25,203.125,0,83,57,0,0,0,0,0,0,0,0,0,0,0,0,0,0,0,0,0,0,0,
20.3612,Error ,1.25,-50,-1.72119,0.26709,0,304.688,234.375,0,89,59,0,0,0,0,0,0,0,0,0,0,0,0,0,0,0,0,0,0,0,
20.3662,Error ,1.25,-50,-1.72021,0.266602,0,304.688,242.188,0,89,59,0,0,0,0,0,0,0,0,0,0,0,0,0,0,0,0,0,0,0,
20.3712,Error ,1.25,-50,-1.71875,0.263672,0,312.5,226.563,0,78,52,0,0,0,0,0,0,0,0,0,0,0,0,0,0,0,0,0,0,0,
20.3762,Error ,1.25,-50,-1.72363,0.265137,0,304.688,226.563,0,78,52,0,0,0,0,0,0,0,0,0,0,0,0,0,0,0,0,0,0,0,
20.3812,Error ,1.25,-50,-1.71875,0.268555,0,304.688,203.125,0,87,55,0,0,0,0,0,0,0,0,0,0,0,0,0,0,0,0,0,0,0,
20.3862,Error ,1.25,-50,-1.72021,0.261719,0,312.5,210.938,0,87,55,0,0,0,0,0,0,0,0,0,0,0,0,0,0,0,0,0,0,0,
20.3912,Error ,1.25,-50,-1.72266,0.26416,0,312.5,234.375,0,-171,55,0,0,0,0,0,0,0,0,0,0,0,0,0,0,0,0,0,0,0,
20.3962,Error ,1.25,-50,-1.72266,0.26416,0,312.5,234.375,0,-171,55,0,0,0,0,0,0,0,0,0,0,0,0,0,0,0,0,0,0,0,
20.4012,Error ,1.25,-50,-1.72461,0.264648,0,328.125,203.125,0,-171,55,0,0,0,0,0,0,0,0,0,0,0,0,0,0,0,0,0,0,0,
20.4062,Error ,1.25,-50,-1.72021,0.266602,0,312.5,195.313,0,85,61,0,0,0,0,0,0,0,0,0,0,0,0,0,0,0,0,0,0,0,
20.4112,Error ,1.25,-50,-1.7207,0.268066,0,296.875,226.563,0,85,61,0,0,0,0,0,0,0,0,0,0,0,0,0,0,0,0,0,0,0,
20.4162,Error ,1.25,-50,-1.73242,0.321777,0,140.625,273.438,0,-173,53,0,0,0,0,0,0,0,0,0,0,0,0,0,0,0,0,0,0,0,
20.4211,Error ,1.25,-50,-1.7251,0.352539,0,-351.593,-62.5,0,-173,53,0,0,0,0,0,0,0,0,0,0,0,0,0,0,0,0,0,0,0,
20.4276,Error ,1.25,-50,-1.7168,0.233398,0,-523.468,-242.188,0,90,60,0,0,0,0,0,0,0,0,0,0,0,0,0,0,0,0,0,0,0,
20.4311,Error ,1.25,-50,-1.69873,0.319824,0,-398.468,-148.438,0,90,60,0,0,0,0,0,0,0,0,0,0,0,0,0,0,0,0,0,0,0,
20.4362,Error ,1.25,-50,-1.71826,0.254395,0,-562.5,0.0305176,0,82,58,0,0,0,0,0,0,0,0,0,0,0,0,0,0,0,0,0,0,0,
20.4411,Error ,1.25,-50,-1.71484,0.203125,0,-351.593,-148.407,0,82,58,0,0,0,0,0,0,0,0,0,0,0,0,0,0,0,0,0,0,0,
20.4461,Error ,1.25,-50,-1.71582,0.212402,0,-132.813,179.688,0,86,54,0,0,0,0,0,0,0,0,0,0,0,0,0,0,0,0,0,0,0,
20.4511,Error ,1.25,-50,-1.72754,0.243652,0,281.25,265.625,0,86,54,0,0,0,0,0,0,0,0,0,0,0,0,0,0,0,0,0,0,0,
20.4561,Error ,1.25,-50,-1.7251,0.318848,0,703.125,585.938,0,80,56,0,0,0,0,0,0,0,0,0,0,0,0,0,0,0,0,0,0,0,
20.4611,Error ,1.25,-50,-1.73193,0.305176,0,437.5,546.875,0,80,56,0,0,0,0,0,0,0,0,0,0,0,0,0,0,0,0,0,0,0,
20.4662,Error ,1.25,-50,-1.72852,0.327148,0,-7.8125,210.938,0,-175,59,0,0,0,0,0,0,0,0,0,0,0,0,0,0,0,0,0,0,0,
20.4711,Error ,1.25,-50,-1.73193,0.318359,0,-796.906,-289.032,0,-175,59,0,0,0,0,0,0,0,0,0,0,0,0,0,0,0,0,0,0,0,
20.4761,Error ,1.25,-50,-1.73486,0.280762,0,499.969,-820.282,0,84,54,0,0,0,0,0,0,0,0,0,0,0,0,0,0,0,0,0,0,0,
20.4811,Error ,1.25,-50,-1.72656,0.255859,0,-101.593,671.906,0,84,54,0,0,0,0,0,0,0,0,0,0,0,0,0,0,0,0,0,0,0,
20.4861,Error ,1.25,-50,-1.67969,0.26709,0,-125.031,460.968,0,85,59,0,0,0,0,0,0,0,0,0,0,0,0,0,0,0,0,0,0,0,
20.4911,Error ,1.25,-50,-1.69727,0.223633,0,210.907,789.093,0,85,59,0,0,0,0,0,0,0,0,0,0,0,0,0,0,0,0,0,0,0,
20.4961,Error ,1.25,-50,-1.69873,0.158691,0,960.907,-664.032,0,-165,57,0,0,0,0,0,0,0,0,0,0,0,0,0,0,0,0,0,0,0,
20.5011,Error ,1.25,-50,-1.69678,0.165527,0,15.625,46.875,0,-165,57,0,0,0,0,0,0,0,0,0,0,0,0,0,0,0,0,0,0,0,
20.5061,Error ,1.25,-50,-1.70361,0.263184,0,-1000,656.219,0,87,57,0,0,0,0,0,0,0,0,0,0,0,0,0,0,0,0,0,0,0,
20.5111,Error ,1.25,-50,-1.71143,0.251953,0,-375,-835.968,0,87,57,0,0,0,0,0,0,0,0,0,0,0,0,0,0,0,0,0,0,0,
20.5161,Error ,1.25,-50,-1.72559,0.283203,0,-335.938,-835.968,0,82,64,0,0,0,0,0,0,0,0,0,0,0,0,0,0,0,0,0,0,0,
20.5211,Error ,1.25,-50,-1.73047,0.279297,0,-781.25,874.969,0,82,64,0,0,0,0,0,0,0,0,0,0,0,0,0,0,0,0,0,0,0,
20.5261,Error ,1.25,-50,-1.72314,0.288574,0,804.688,359.375,0,90,60,0,0,0,0,0,0,0,0,0,0,0,0,0,0,0,0,0,0,0,
20.5311,Error ,1.25,-50,-1.7207,0.280762,0,187.469,-78.125,0,90,60,0,0,0,0,0,0,0,0,0,0,0,0,0,0,0,0,0,0,0,
20.5361,Error ,1.25,-50,-1.7207,0.280762,0,187.469,-78.125,0,83,61,0,0,0,0,0,0,0,0,0,0,0,0,0,0,0,0,0,0,0,
20.5411,Error ,1.25,-50,-1.70264,0.243164,0,-257.843,-250,0,83,61,0,0,0,0,0,0,0,0,0,0,0,0,0,0,0,0,0,0,0,
20.5461,Error ,1.25,-50,-1.71045,0.249512,0,78.0945,-39.0625,0,76,54,0,0,0,0,0,0,0,0,0,0,0,0,0,0,0,0,0,0,0,
20.5511,Error ,1.25,-50,-1.71973,0.274414,0,453.125,312.5,0,76,54,0,0,0,0,0,0,0,0,0,0,0,0,0,0,0,0,0,0,0,
20.5561,Error ,1.25,-50,-1.72607,0.269531,0,421.875,414.063,0,79,57,0,0,0,0,0,0,0,0,0,0,0,0,0,0,0,0,0,0,0,
20.5611,Error ,1.25,-50,-1.72607,0.275391,0,46.875,46.875,0,79,57,0,0,0,0,0,0,0,0,0,0,0,0,0,0,0,0,0,0,0,
20.5661,Error ,1.25,-50,-1.71533,0.260742,0,-351.593,-257.813,0,81,67,0,0,0,0,0,0,0,0,0,0,0,0,0,0,0,0,0,0,0,
20.5711,Error ,1.25,-50,-1.70605,0.250977,0,-421.906,-320.313,0,81,67,0,0,0,0,0,0,0,0,0,0,0,0,0,0,0,0,0,0,0,
20.5761,Error ,1.25,-50,-1.70264,0.239746,0,-54.718,-46.875,0,79,57,0,0,0,0,0,0,0,0,0,0,0,0,0,0,0,0,0,0,0,
20.5811,Error ,1.25,-50,-1.70313,0.248047,0,453.125,421.875,0,79,57,0,0,0,0,0,0,0,0,0,0,0,0,0,0,0,0,0,0,0,
20.5861,Error ,1.25,-50,-1.70947,0.255859,0,851.563,804.688,0,79,65,0,0,0,0,0,0,0,0,0,0,0,0,0,0,0,0,0,0,0,
20.5911,Error ,1.25,-50,-1.71582,0.26123,0,-898.438,-968.75,0,79,65,0,0,0,0,0,0,0,0,0,0,0,0,0,0,0,0,0,0,0,
20.5961,Error ,1.25,-50,-1.71631,0.256836,0,-882.813,-914.063,0,81,57,0,0,0,0,0,0,0,0,0,0,0,0,0,0,0,0,0,0,0,
20.6011,Error ,1.25,-50,-1.71631,0.24707,0,-875,-914.063,0,81,57,0,0,0,0,0,0,0,0,0,0,0,0,0,0,0,0,0,0,0,
20.6061,Error ,1.25,-50,-1.71484,0.246582,0,-812.5,-898.438,0,85,63,0,0,0,0,0,0,0,0,0,0,0,0,0,0,0,0,0,0,0,
20.6111,Error ,1.25,-50,-1.71582,0.262207,0,-640.625,-781.281,0,85,63,0,0,0,0,0,0,0,0,0,0,0,0,0,0,0,0,0,0,0,
20.6161,Error ,1.25,-50,-1.71729,0.269043,0,-531.25,-734.406,0,80,50,0,0,0,0,0,0,0,0,0,0,0,0,0,0,0,0,0,0,0,
20.6211,Error ,1.25,-50,-1.72314,0.27002,0,-421.875,-718.781,0,80,50,0,0,0,0,0,0,0,0,0,0,0,0,0,0,0,0,0,0,0,
20.6261,Error ,1.25,-50,-1.7251,0.274414,0,-585.938,-750.031,0,79,53,0,0,0,0,0,0,0,0,0,0,0,0,0,0,0,0,0,0,0,
20.6311,Error ,1.25,-50,-1.72412,0.28125,0,-882.813,992.157,0,79,53,0,0,0,0,0,0,0,0,0,0,0,0,0,0,0,0,0,0,0,
20.6361,Error ,1.25,-50,-1.72266,0.29248,0,781.25,781.25,0,79,65,0,0,0,0,0,0,0,0,0,0,0,0,0,0,0,0,0,0,0,
20.6411,Error ,1.25,-50,-1.72168,0.279785,0,429.688,570.313,0,79,65,0,0,0,0,0,0,0,0,0,0,0,0,0,0,0,0,0,0,0,
20.6461,Error ,1.25,-50,-1.71436,0.261719,0,335.938,476.563,0,94,56,0,0,0,0,0,0,0,0,0,0,0,0,0,0,0,0,0,0,0,
20.6511,Error ,1.25,-50,-1.72266,0.246582,0,367.188,445.313,0,94,56,0,0,0,0,0,0,0,0,0,0,0,0,0,0,0,0,0,0,0,
20.6561,Error ,1.25,-50,-1.7251,0.249512,0,507.813,484.375,0,80,62,0,0,0,0,0,0,0,0,0,0,0,0,0,0,0,0,0,0,0,
20.6611,Error ,1.25,-50,-1.71729,0.26123,0,523.438,421.875,0,80,62,0,0,0,0,0,0,0,0,0,0,0,0,0,0,0,0,0,0,0,
20.6661,Error ,1.25,-50,-1.72803,0.310059,0,398.438,187.5,0,87,51,0,0,0,0,0,0,0,0,0,0,0,0,0,0,0,0,0,0,0,
20.6711,Error ,1.25,-50,-1.72803,0.258789,0,15.5945,-85.9375,0,87,51,0,0,0,0,0,0,0,0,0,0,0,0,0,0,0,0,0,0,0,
20.6761,Error ,1.25,-50,-1.7251,0.263184,0,-304.718,-406.25,0,87,51,0,0,0,0,0,0,0,0,0,0,0,0,0,0,0,0,0,0,0,
20.6811,Error ,1.25,-50,-1.71533,0.269043,0,-531.281,-546.875,0,84,54,0,0,0,0,0,0,0,0,0,0,0,0,0,0,0,0,0,0,0,
20.686,Error ,1.25,-50,-1.71338,0.297852,0,-554.718,-593.75,0,84,54,0,0,0,0,0,0,0,0,0,0,0,0,0,0,0,0,0,0,0,
20.691,Error ,1.25,-50,-1.71582,0.286133,0,-585.968,-375,0,82,56,0,0,0,0,0,0,0,0,0,0,0,0,0,0,0,0,0,0,0,
20.696,Error ,1.25,-50,-1.7085,0.237305,0,-515.656,-257.813,0,82,56,0,0,0,0,0,0,0,0,0,0,0,0,0,0,0,0,0,0,0,
20.701,Error ,1.25,-50,-1.70654,0.228027,0,-218.781,-23.4375,0,88,58,0,0,0,0,0,0,0,0,0,0,0,0,0,0,0,0,0,0,0,
20.706,Error ,1.25,-50,-1.71826,0.280273,0,101.563,312.5,0,88,58,0,0,0,0,0,0,0,0,0,0,0,0,0,0,0,0,0,0,0,
20.711,Error ,1.25,-50,-1.71973,0.283691,0,148.438,421.875,0,83,53,0,0,0,0,0,0,0,0,0,0,0,0,0,0,0,0,0,0,0,
20.716,Error ,1.25,-50,-1.72266,0.262207,0,125,343.75,0,83,53,0,0,0,0,0,0,0,0,0,0,0,0,0,0,0,0,0,0,0,
20.721,Error ,1.25,-50,-1.71582,0.264648,0,7.8125,218.75,0,-176,56,0,0,0,0,0,0,0,0,0,0,0,0,0,0,0,0,0,0,0,
20.726,Error ,1.25,-50,-1.72021,0.263672,0,-109.375,164.063,0,-176,56,0,0,0,0,0,0,0,0,0,0,0,0,0,0,0,0,0,0,0,
20.731,Error ,1.25,-50,-1.71875,0.246094,0,-257.843,-31.25,0,85,69,0,0,0,0,0,0,0,0,0,0,0,0,0,0,0,0,0,0,0,
20.736,Error ,1.25,-50,-1.71777,0.228516,0,-257.843,-203.125,0,85,69,0,0,0,0,0,0,0,0,0,0,0,0,0,0,0,0,0,0,0,
20.741,Error ,1.25,-50,-1.70996,0.236328,0,-187.531,-164.063,0,94,56,0,0,0,0,0,0,0,0,0,0,0,0,0,0,0,0,0,0,0,
20.746,Error ,1.25,-50,-1.70703,0.248047,0,39.0625,31.25,0,94,56,0,0,0,0,0,0,0,0,0,0,0,0,0,0,0,0,0,0,0,
20.7511,Error ,1.25,-50,-1.70947,0.253906,0,375,265.625,0,86,56,0,0,0,0,0,0,0,0,0,0,0,0,0,0,0,0,0,0,0,
20.756,Error ,1.25,-50,-1.71631,0.256836,0,695.313,468.75,0,86,56,0,0,0,0,0,0,0,0,0,0,0,0,0,0,0,0,0,0,0,
20.761,Error ,1.25,-50,-1.77734,0.267578,0,539.063,453.125,0,83,57,0,0,0,0,0,0,0,0,0,0,0,0,0,0,0,0,0,0,0,
20.766,Error ,1.25,-50,-1.70215,0.263672,0,-617.218,-679.688,0,83,57,0,0,0,0,0,0,0,0,0,0,0,0,0,0,0,0,0,0,0,
20.771,Error ,1.25,-50,-1.72119,0.262695,0,-796.906,-468.75,0,78,58,0,0,0,0,0,0,0,0,0,0,0,0,0,0,0,0,0,0,0,
20.776,Error ,1.25,-50,-1.70361,0.255859,0,-921.906,-703.125,0,78,58,0,0,0,0,0,0,0,0,0,0,0,0,0,0,0,0,0,0,0,
20.781,Error ,1.25,-50,-1.70605,0.30957,0,-765.656,-484.375,0,85,53,0,0,0,0,0,0,0,0,0,0,0,0,0,0,0,0,0,0,0,
20.786,Error ,1.25,-50,-1.70654,0.239746,0,-585.968,-273.407,0,85,53,0,0,0,0,0,0,0,0,0,0,0,0,0,0,0,0,0,0,0,
20.791,Error ,1.25,-50,-1.69336,0.233887,0,-460.968,-281.219,0,86,58,0,0,0,0,0,0,0,0,0,0,0,0,0,0,0,0,0,0,0,
20.796,Error ,1.25,-50,-1.70605,0.266113,0,-226.593,-15.5945,0,86,58,0,0,0,0,0,0,0,0,0,0,0,0,0,0,0,0,0,0,0,
20.801,Error ,1.25,-50,-1.71484,0.28418,0,-304.688,109.406,0,73,55,0,0,0,0,0,0,0,0,0,0,0,0,0,0,0,0,0,0,0,
20.806,Error ,1.25,-50,-1.71875,0.260742,0,-523.468,-70.282,0,73,55,0,0,0,0,0,0,0,0,0,0,0,0,0,0,0,0,0,0,0,
20.811,Error ,1.25,-50,-1.71582,0.238281,0,-726.593,-218.719,0,-175,57,0,0,0,0,0,0,0,0,0,0,0,0,0,0,0,0,0,0,0,
20.816,Error ,1.25,-50,-1.71875,0.229492,0,-812.531,-351.532,0,-175,57,0,0,0,0,0,0,0,0,0,0,0,0,0,0,0,0,0,0,0,
20.821,Error ,1.25,-50,-1.70654,0.237793,0,-718.781,-476.563,0,86,58,0,0,0,0,0,0,0,0,0,0,0,0,0,0,0,0,0,0,0,
20.826,Error ,1.25,-50,-1.71338,0.237305,0,-695.343,-289.063,0,86,58,0,0,0,0,0,0,0,0,0,0,0,0,0,0,0,0,0,0,0,
20.831,Error ,1.25,-50,-1.70703,0.26416,0,-585.968,-250,0,85,61,0,0,0,0,0,0,0,0,0,0,0,0,0,0,0,0,0,0,0,
20.836,Error ,1.25,-50,-1.70996,0.271484,0,-554.718,-203.125,0,85,61,0,0,0,0,0,0,0,0,0,0,0,0,0,0,0,0,0,0,0,
20.841,Error ,1.25,-50,-1.71094,0.26123,0,-585.968,-218.75,0,81,63,0,0,0,0,0,0,0,0,0,0,0,0,0,0,0,0,0,0,0,
20.846,Error ,1.25,-50,-1.71094,0.232422,0,-515.656,-218.75,0,81,63,0,0,0,0,0,0,0,0,0,0,0,0,0,0,0,0,0,0,0,
20.851,Error ,1.25,-50,-1.70313,0.213867,0,-203.156,-78.125,0,87,49,0,0,0,0,0,0,0,0,0,0,0,0,0,0,0,0,0,0,0,
20.856,Error ,1.25,-50,-1.69629,0.203613,0,234.375,226.563,0,87,49,0,0,0,0,0,0,0,0,0,0,0,0,0,0,0,0,0,0,0,
20.861,Error ,1.25,-50,-1.69287,0.211914,0,929.688,726.563,0,75,55,0,0,0,0,0,0,0,0,0,0,0,0,0,0,0,0,0,0,0,
20.866,Error ,1.25,-50,-1.70361,0.245117,0,-437.5,-710.968,0,75,55,0,0,0,0,0,0,0,0,0,0,0,0,0,0,0,0,0,0,0,
20.871,Error ,1.25,-50,-1.70703,0.255371,0,15.625,-382.843,0,83,51,0,0,0,0,0,0,0,0,0,0,0,0,0,0,0,0,0,0,0,
20.876,Error ,1.25,-50,-1.72559,0.295898,0,93.75,-367.218,0,83,51,0,0,0,0,0,0,0,0,0,0,0,0,0,0,0,0,0,0,0,
20.881,Error ,1.25,-50,-1.72119,0.267578,0,-140.625,-562.5,0,82,52,0,0,0,0,0,0,0,0,0,0,0,0,0,0,0,0,0,0,0,
20.886,Error ,1.25,-50,-1.71582,0.254395,0,-500,-828.125,0,82,52,0,0,0,0,0,0,0,0,0,0,0,0,0,0,0,0,0,0,0,
20.891,Error ,1.25,-50,-1.71436,0.259277,0,-648.438,-906.281,0,80,56,0,0,0,0,0,0,0,0,0,0,0,0,0,0,0,0,0,0,0,
20.896,Error ,1.25,-50,-1.7124,0.264648,0,-687.5,-890.656,0,80,56,0,0,0,0,0,0,0,0,0,0,0,0,0,0,0,0,0,0,0,
20.901,Error ,1.25,-50,-1.71777,0.279785,0,-734.375,-859.375,0,86,60,0,0,0,0,0,0,0,0,0,0,0,0,0,0,0,0,0,0,0,
20.906,Error ,1.25,-50,-1.71484,0.286133,0,-867.188,-937.5,0,86,60,0,0,0,0,0,0,0,0,0,0,0,0,0,0,0,0,0,0,0,
20.911,Error ,1.25,-50,-1.7168,0.253418,0,960.938,984.375,0,84,54,0,0,0,0,0,0,0,0,0,0,0,0,0,0,0,0,0,0,0,
20.916,Error ,1.25,-50,-1.71289,0.228027,0,992.188,-976.563,0,84,54,0,0,0,0,0,0,0,0,0,0,0,0,0,0,0,0,0,0,0,
20.921,Error ,1.25,-50,-1.70898,0.216309,0,-710.938,-843.75,0,76,54,0,0,0,0,0,0,0,0,0,0,0,0,0,0,0,0,0,0,0,
20.926,Error ,1.25,-50,-1.70703,0.248535,0,-281.25,-570.343,0,76,54,0,0,0,0,0,0,0,0,0,0,0,0,0,0,0,0,0,0,0,
20.9309,Error ,1.25,-50,-1.71045,0.238281,0,-7.8125,-304.718,0,-167,57,0,0,0,0,0,0,0,0,0,0,0,0,0,0,0,0,0,0,0,
20.936,Error ,1.25,-50,-1.71045,0.270996,0,328.125,-203.156,0,-167,57,0,0,0,0,0,0,0,0,0,0,0,0,0,0,0,0,0,0,0,
20.9409,Error ,1.25,-50,-1.7207,0.248047,0,492.188,-62.5305,0,-171,51,0,0,0,0,0,0,0,0,0,0,0,0,0,0,0,0,0,0,0,
20.946,Error ,1.25,-50,-1.71924,0.276367,0,500,-85.968,0,-171,51,0,0,0,0,0,0,0,0,0,0,0,0,0,0,0,0,0,0,0,
20.9509,Error ,1.25,-50,-1.7207,0.282227,0,320.313,-187.531,0,80,58,0,0,0,0,0,0,0,0,0,0,0,0,0,0,0,0,0,0,0,
20.9559,Error ,1.25,-50,-1.72705,0.274414,0,156.25,-296.906,0,82,52,0,0,0,0,0,0,0,0,0,0,0,0,0,0,0,0,0,0,0,
20.9609,Error ,1.25,-50,-1.73291,0.286621,0,-203.125,-593.781,0,82,52,0,0,0,0,0,0,0,0,0,0,0,0,0,0,0,0,0,0,0,
20.9659,Error ,1.25,-50,-1.73535,0.285645,0,-750,999.969,0,-168,58,0,0,0,0,0,0,0,0,0,0,0,0,0,0,0,0,0,0,0,
20.9709,Error ,1.25,-50,-1.73291,0.288574,0,640.625,507.813,0,-168,58,0,0,0,0,0,0,0,0,0,0,0,0,0,0,0,0,0,0,0,
20.9759,Error ,1.25,-50,-1.7334,0.293945,0,78.125,78.125,0,76,54,0,0,0,0,0,0,0,0,0,0,0,0,0,0,0,0,0,0,0,
20.9809,Error ,1.25,-50,-1.72363,0.280273,0,-406.281,-257.813,0,76,54,0,0,0,0,0,0,0,0,0,0,0,0,0,0,0,0,0,0,0,
20.9859,Error ,1.25,-50,-1.72266,0.286621,0,-656.281,-460.938,0,-182,54,0,0,0,0,0,0,0,0,0,0,0,0,0,0,0,0,0,0,0,
20.9909,Error ,1.25,-50,-1.71582,0.270996,0,-773.468,-476.563,0,-182,54,0,0,0,0,0,0,0,0,0,0,0,0,0,0,0,0,0,0,0,
20.9959,Error ,1.25,-50,-1.71289,0.258301,0,-664.093,-406.25,0,85,57,0,0,0,0,0,0,0,0,0,0,0,0,0,0,0,0,0,0,0,
21.0009,Error ,1.25,-50,-1.72217,0.271973,0,-570.343,-289.063,0,85,57,0,0,0,0,0,0,0,0,0,0,0,0,0,0,0,0,0,0,0,
21.0059,Error ,1.25,-50,-1.71924,0.283203,0,-695.343,-382.813,0,81,55,0,0,0,0,0,0,0,0,0,0,0,0,0,0,0,0,0,0,0,
21.0109,Error ,1.25,-50,-1.71143,0.266113,0,-750.031,-437.5,0,81,55,0,0,0,0,0,0,0,0,0,0,0,0,0,0,0,0,0,0,0,
21.0159,Error ,1.25,-50,-1.7207,0.241211,0,-648.468,-351.563,0,83,51,0,0,0,0,0,0,0,0,0,0,0,0,0,0,0,0,0,0,0,
21.0209,Error ,1.25,-50,-1.71143,0.236816,0,-367.218,-234.375,0,83,51,0,0,0,0,0,0,0,0,0,0,0,0,0,0,0,0,0,0,0,
21.0259,Error ,1.25,-50,-1.71289,0.25293,0,-85.968,-117.188,0,82,48,0,0,0,0,0,0,0,0,0,0,0,0,0,0,0,0,0,0,0,
21.0309,Error ,1.25,-50,-1.70898,0.222168,0,226.563,85.9375,0,82,48,0,0,0,0,0,0,0,0,0,0,0,0,0,0,0,0,0,0,0,
21.0359,Error ,1.25,-50,-1.71045,0.246582,0,773.438,507.813,0,81,51,0,0,0,0,0,0,0,0,0,0,0,0,0,0,0,0,0,0,0,
21.0409,Error ,1.25,-50,-1.72656,0.277344,0,-921.875,734.375,0,81,51,0,0,0,0,0,0,0,0,0,0,0,0,0,0,0,0,0,0,0,
21.0459,Error ,1.25,-50,-1.72705,0.287109,0,789.063,562.5,0,72,56,0,0,0,0,0,0,0,0,0,0,0,0,0,0,0,0,0,0,0,
21.0509,Error ,1.25,-50,-1.72607,0.281738,0,320.313,265.625,0,72,56,0,0,0,0,0,0,0,0,0,0,0,0,0,0,0,0,0,0,0,
21.0559,Error ,1.25,-50,-1.77637,0.215332,0,-70.3125,101.563,0,-176,60,0,0,0,0,0,0,0,0,0,0,0,0,0,0,0,0,0,0,0,
21.0609,Error ,1.25,-50,-1.729,0.20459,0,-625.031,-226.563,0,-176,60,0,0,0,0,0,0,0,0,0,0,0,0,0,0,0,0,0,0,0,
21.0659,Error ,1.25,-50,-1.70996,0.268066,0,-789.093,-445.313,0,86,58,0,0,0,0,0,0,0,0,0,0,0,0,0,0,0,0,0,0,0,
21.0709,Error ,1.25,-50,-1.70801,0.276367,0,-726.593,-359.375,0,86,58,0,0,0,0,0,0,0,0,0,0,0,0,0,0,0,0,0,0,0,
21.076,Error ,1.25,-50,-1.70801,0.271973,0,-429.718,-148.438,0,81,63,0,0,0,0,0,0,0,0,0,0,0,0,0,0,0,0,0,0,0,
21.0809,Error ,1.25,-50,-1.70898,0.244141,0,-31.25,140.625,0,81,63,0,0,0,0,0,0,0,0,0,0,0,0,0,0,0,0,0,0,0,
21.0859,Error ,1.25,-50,-1.70605,0.287598,0,281.25,265.625,0,-181,61,0,0,0,0,0,0,0,0,0,0,0,0,0,0,0,0,0,0,0,
21.0909,Error ,1.25,-50,-1.7124,0.267578,0,398.438,343.75,0,-181,61,0,0,0,0,0,0,0,0,0,0,0,0,0,0,0,0,0,0,0,
21.0959,Error ,1.25,-50,-1.70654,0.273926,0,460.938,375,0,76,54,0,0,0,0,0,0,0,0,0,0,0,0,0,0,0,0,0,0,0,
21.1009,Error ,1.25,-50,-1.70801,0.254395,0,562.5,437.5,0,76,54,0,0,0,0,0,0,0,0,0,0,0,0,0,0,0,0,0,0,0,
21.1059,Error ,1.25,-50,-1.71338,0.291992,0,609.375,523.407,0,88,58,0,0,0,0,0,0,0,0,0,0,0,0,0,0,0,0,0,0,0,
21.1109,Error ,1.25,-50,-1.71436,0.243164,0,656.25,546.875,0,88,58,0,0,0,0,0,0,0,0,0,0,0,0,0,0,0,0,0,0,0,
21.1159,Error ,1.25,-50,-1.71582,0.25293,0,804.688,570.282,0,86,62,0,0,0,0,0,0,0,0,0,0,0,0,0,0,0,0,0,0,0,
21.1209,Error ,1.25,-50,-1.71484,0.266602,0,921.875,640.594,0,86,62,0,0,0,0,0,0,0,0,0,0,0,0,0,0,0,0,0,0,0,
21.1259,Error ,1.25,-50,-1.71484,0.275391,0,984.375,687.469,0,75,53,0,0,0,0,0,0,0,0,0,0,0,0,0,0,0,0,0,0,0,
21.1309,Error ,1.25,-50,-1.72314,0.271484,0,906.25,687.5,0,75,53,0,0,0,0,0,0,0,0,0,0,0,0,0,0,0,0,0,0,0,
21.1359,Error ,1.25,-50,-1.72949,0.276367,0,656.25,437.5,0,86,52,0,0,0,0,0,0,0,0,0,0,0,0,0,0,0,0,0,0,0,
21.1409,Error ,1.25,-50,-1.72168,0.272949,0,265.625,132.813,0,86,52,0,0,0,0,0,0,0,0,0,0,0,0,0,0,0,0,0,0,0,
21.1459,Error ,1.25,-50,-1.7168,0.260742,0,54.657,-62.5,0,-174,66,0,0,0,0,0,0,0,0,0,0,0,0,0,0,0,0,0,0,0,
21.1509,Error ,1.25,-50,-1.71338,0.258301,0,31.2195,-78.125,0,-174,66,0,0,0,0,0,0,0,0,0,0,0,0,0,0,0,0,0,0,0,
21.1559,Error ,1.25,-50,-1.72998,0.247559,0,101.563,117.188,0,89,63,0,0,0,0,0,0,0,0,0,0,0,0,0,0,0,0,0,0,0,
21.1609,Error ,1.25,-50,-1.7334,0.200684,0,273.438,343.75,0,89,63,0,0,0,0,0,0,0,0,0,0,0,0,0,0,0,0,0,0,0,
21.1659,Error ,1.25,-50,-1.70654,0.208496,0,742.188,695.313,0,82,56,0,0,0,0,0,0,0,0,0,0,0,0,0,0,0,0,0,0,0,
21.1709,Error ,1.25,-50,-1.70898,0.237793,0,-726.563,976.532,0,82,56,0,0,0,0,0,0,0,0,0,0,0,0,0,0,0,0,0,0,0,
21.1759,Error ,1.25,-50,-1.70068,0.30127,0,-429.688,-835.968,0,80,60,0,0,0,0,0,0,0,0,0,0,0,0,0,0,0,0,0,0,0,
21.1809,Error ,1.25,-50,-1.70996,0.30127,0,-304.688,-789.093,0,80,60,0,0,0,0,0,0,0,0,0,0,0,0,0,0,0,0,0,0,0,
21.1859,Error ,1.25,-50,-1.71484,0.280273,0,-531.25,-976.593,0,75,53,0,0,0,0,0,0,0,0,0,0,0,0,0,0,0,0,0,0,0,
21.1909,Error ,1.25,-50,-1.72314,0.277344,0,-765.625,773.407,0,75,53,0,0,0,0,0,0,0,0,0,0,0,0,0,0,0,0,0,0,0,
21.1959,Error ,1.25,-50,-1.72168,0.280273,0,882.813,500,0,84,52,0,0,0,0,0,0,0,0,0,0,0,0,0,0,0,0,0,0,0,
21.2008,Error ,1.25,-50,-1.71973,0.272461,0,601.563,242.188,0,84,52,0,0,0,0,0,0,0,0,0,0,0,0,0,0,0,0,0,0,0,
21.2059,Error ,1.25,-50,-1.72314,0.255859,0,375,179.688,0,84,62,0,0,0,0,0,0,0,0,0,0,0,0,0,0,0,0,0,0,0,
21.2109,Error ,1.25,-50,-1.72363,0.250488,0,320.313,179.657,0,84,62,0,0,0,0,0,0,0,0,0,0,0,0,0,0,0,0,0,0,0,
21.2159,Error ,1.25,-50,-1.72363,0.257813,0,351.563,257.782,0,70,56,0,0,0,0,0,0,0,0,0,0,0,0,0,0,0,0,0,0,0,
21.2209,Error ,1.25,-50,-1.72705,0.26123,0,281.25,226.532,0,70,56,0,0,0,0,0,0,0,0,0,0,0,0,0,0,0,0,0,0,0,
21.2258,Error ,1.25,-50,-1.72754,0.270508,0,179.688,101.532,0,78,62,0,0,0,0,0,0,0,0,0,0,0,0,0,0,0,0,0,0,0,
21.2308,Error ,1.25,-50,-1.73584,0.264648,0,-78.1555,-117.218,0,78,62,0,0,0,0,0,0,0,0,0,0,0,0,0,0,0,0,0,0,0,
21.2358,Error ,1.25,-50,-1.72656,0.277344,0,-335.968,-328.156,0,78,62,0,0,0,0,0,0,0,0,0,0,0,0,0,0,0,0,0,0,0,
21.2408,Error ,1.25,-50,-1.71631,0.257324,0,-578.156,-515.656,0,83,51,0,0,0,0,0,0,0,0,0,0,0,0,0,0,0,0,0,0,0,
21.2458,Error ,1.25,-50,-1.71143,0.258301,0,-539.093,-460.968,0,83,51,0,0,0,0,0,0,0,0,0,0,0,0,0,0,0,0,0,0,0,
21.2508,Error ,1.25,-50,-1.71582,0.25,0,-320.343,-312.531,0,83,51,0,0,0,0,0,0,0,0,0,0,0,0,0,0,0,0,0,0,0,
21.2558,Error ,1.25,-50,-1.70703,0.267578,0,-70.343,-132.843,0,83,51,0,0,0,0,0,0,0,0,0,0,0,0,0,0,0,0,0,0,0,
21.2608,Error ,1.25,-50,-1.71387,0.261719,0,171.844,-0.0305176,0,80,54,0,0,0,0,0,0,0,0,0,0,0,0,0,0,0,0,0,0,0,
21.2658,Error ,1.25,-50,-1.70898,0.269043,0,335.938,164.032,0,80,54,0,0,0,0,0,0,0,0,0,0,0,0,0,0,0,0,0,0,0,
21.2708,Error ,1.25,-50,-1.7085,0.282715,0,539.063,304.657,0,86,60,0,0,0,0,0,0,0,0,0,0,0,0,0,0,0,0,0,0,0,
21.2758,Error ,1.25,-50,-1.71777,0.279297,0,648.438,398.407,0,86,60,0,0,0,0,0,0,0,0,0,0,0,0,0,0,0,0,0,0,0,
21.2808,Error ,1.25,-50,-1.71875,0.287598,0,578.125,351.532,0,80,60,0,0,0,0,0,0,0,0,0,0,0,0,0,0,0,0,0,0,0,
21.2858,Error ,1.25,-50,-1.72168,0.276367,0,437.5,187.469,0,80,60,0,0,0,0,0,0,0,0,0,0,0,0,0,0,0,0,0,0,0,
21.2908,Error ,1.25,-50,-1.72168,0.271484,0,343.719,-7.8125,0,81,59,0,0,0,0,0,0,0,0,0,0,0,0,0,0,0,0,0,0,0,
21.2958,Error ,1.25,-50,-1.71777,0.266602,0,257.782,-31.25,0,81,59,0,0,0,0,0,0,0,0,0,0,0,0,0,0,0,0,0,0,0,
21.3008,Error ,1.25,-50,-1.71533,0.258789,0,226.563,23.4375,0,79,53,0,0,0,0,0,0,0,0,0,0,0,0,0,0,0,0,0,0,0,
21.3058,Error ,1.25,-50,-1.71338,0.253418,0,335.938,132.813,0,79,53,0,0,0,0,0,0,0,0,0,0,0,0,0,0,0,0,0,0,0,
21.3108,Error ,1.25,-50,-1.71484,0.257813,0,476.563,273.407,0,82,58,0,0,0,0,0,0,0,0,0,0,0,0,0,0,0,0,0,0,0,
21.3158,Error ,1.25,-50,-1.72119,0.242188,0,585.938,460.907,0,82,58,0,0,0,0,0,0,0,0,0,0,0,0,0,0,0,0,0,0,0,
21.3208,Error ,1.25,-50,-1.73047,0.250488,0,523.438,531.219,0,80,56,0,0,0,0,0,0,0,0,0,0,0,0,0,0,0,0,0,0,0,
21.3258,Error ,1.25,-50,-1.72363,0.266602,0,351.563,343.719,0,80,56,0,0,0,0,0,0,0,0,0,0,0,0,0,0,0,0,0,0,0,
21.3308,Error ,1.25,-50,-1.7207,0.26123,0,164.063,203.094,0,75,59,0,0,0,0,0,0,0,0,0,0,0,0,0,0,0,0,0,0,0,
21.3358,Error ,1.25,-50,-1.7168,0.263184,0,125,164.032,0,75,59,0,0,0,0,0,0,0,0,0,0,0,0,0,0,0,0,0,0,0,
21.3408,Error ,1.25,-50,-1.71533,0.272461,0,179.688,140.594,0,80,56,0,0,0,0,0,0,0,0,0,0,0,0,0,0,0,0,0,0,0,
21.3458,Error ,1.25,-50,-1.72217,0.276855,0,289.063,257.782,0,80,56,0,0,0,0,0,0,0,0,0,0,0,0,0,0,0,0,0,0,0,
21.3508,Error ,1.25,-50,-1.71484,0.276367,0,226.563,265.594,0,84,56,0,0,0,0,0,0,0,0,0,0,0,0,0,0,0,0,0,0,0,
21.3558,Error ,1.25,-50,-1.71973,0.262207,0,179.688,210.907,0,84,56,0,0,0,0,0,0,0,0,0,0,0,0,0,0,0,0,0,0,0,
21.3608,Error ,1.25,-50,-1.71631,0.269531,0,179.688,148.407,0,-171,49,0,0,0,0,0,0,0,0,0,0,0,0,0,0,0,0,0,0,0,
21.3658,Error ,1.25,-50,-1.7168,0.272949,0,273.438,156.219,0,-171,49,0,0,0,0,0,0,0,0,0,0,0,0,0,0,0,0,0,0,0,
21.3708,Error ,1.25,-50,-1.71973,0.260742,0,406.25,226.532,0,88,54,0,0,0,0,0,0,0,0,0,0,0,0,0,0,0,0,0,0,0,
21.3758,Error ,1.25,-50,-1.71973,0.269531,0,429.688,273.407,0,88,54,0,0,0,0,0,0,0,0,0,0,0,0,0,0,0,0,0,0,0,
21.3808,Error ,1.25,-50,-1.72021,0.271973,0,375,210.907,0,84,52,0,0,0,0,0,0,0,0,0,0,0,0,0,0,0,0,0,0,0,
21.3858,Error ,1.25,-50,-1.72754,0.28125,0,234.375,109.344,0,84,52,0,0,0,0,0,0,0,0,0,0,0,0,0,0,0,0,0,0,0,
21.3908,Error ,1.25,-50,-1.7251,0.275879,0,140.594,-23.4375,0,82,60,0,0,0,0,0,0,0,0,0,0,0,0,0,0,0,0,0,0,0,
21.3958,Error ,1.25,-50,-1.72266,0.273438,0,-23.468,-265.625,0,82,60,0,0,0,0,0,0,0,0,0,0,0,0,0,0,0,0,0,0,0,
21.4022,Error ,1.25,-50,-1.7207,0.279785,0,-312.531,-468.75,0,81,53,0,0,0,0,0,0,0,0,0,0,0,0,0,0,0,0,0,0,0,
21.4058,Error ,1.25,-50,-1.71533,0.257813,0,-531.281,-593.75,0,81,53,0,0,0,0,0,0,0,0,0,0,0,0,0,0,0,0,0,0,0,
21.4108,Error ,1.25,-50,-1.7085,0.251953,0,-375.031,-414.063,0,85,49,0,0,0,0,0,0,0,0,0,0,0,0,0,0,0,0,0,0,0,
21.4158,Error ,1.25,-50,-1.71094,0.249023,0,15.5945,-132.813,0,85,49,0,0,0,0,0,0,0,0,0,0,0,0,0,0,0,0,0,0,0,
21.4208,Error ,1.25,-50,-1.71143,0.251953,0,328.125,195.313,0,80,58,0,0,0,0,0,0,0,0,0,0,0,0,0,0,0,0,0,0,0,
21.4258,Error ,1.25,-50,-1.71777,0.26709,0,578.125,382.813,0,80,58,0,0,0,0,0,0,0,0,0,0,0,0,0,0,0,0,0,0,0,
21.4308,Error ,1.25,-50,-1.71729,0.265137,0,531.25,398.438,0,-179,61,0,0,0,0,0,0,0,0,0,0,0,0,0,0,0,0,0,0,0,
21.4358,Error ,1.25,-50,-1.71924,0.266113,0,375,273.438,0,-179,61,0,0,0,0,0,0,0,0,0,0,0,0,0,0,0,0,0,0,0,
21.4408,Error ,1.25,-50,-1.7207,0.267578,0,179.688,195.313,0,81,57,0,0,0,0,0,0,0,0,0,0,0,0,0,0,0,0,0,0,0,
21.4458,Error ,1.25,-50,-1.7207,0.268555,0,85.9375,93.75,0,81,57,0,0,0,0,0,0,0,0,0,0,0,0,0,0,0,0,0,0,0,
21.4508,Error ,1.25,-50,-1.72803,0.265137,0,-46.875,23.4375,0,75,51,0,0,0,0,0,0,0,0,0,0,0,0,0,0,0,0,0,0,0,
21.4558,Error ,1.25,-50,-1.729,0.268066,0,-187.531,-242.188,0,75,51,0,0,0,0,0,0,0,0,0,0,0,0,0,0,0,0,0,0,0,
21.4608,Error ,1.25,-50,-1.66992,0.316406,0,-304.718,-390.625,0,85,57,0,0,0,0,0,0,0,0,0,0,0,0,0,0,0,0,0,0,0,
21.4658,Error ,1.25,-50,-1.72266,0.267578,0,289.063,476.563,0,85,57,0,0,0,0,0,0,0,0,0,0,0,0,0,0,0,0,0,0,0,
21.4708,Error ,1.25,-50,-1.74805,0.236328,0,570.313,593.75,0,-168,60,0,0,0,0,0,0,0,0,0,0,0,0,0,0,0,0,0,0,0,
21.4757,Error ,1.25,-50,-1.73486,0.300293,0,-62.5305,-109.375,0,-168,60,0,0,0,0,0,0,0,0,0,0,0,0,0,0,0,0,0,0,0,
21.4808,Error ,1.25,-50,-1.71777,0.271973,0,-710.968,-695.313,0,77,59,0,0,0,0,0,0,0,0,0,0,0,0,0,0,0,0,0,0,0,
21.4857,Error ,1.25,-50,-1.70166,0.244629,0,-695.343,-609.375,0,77,59,0,0,0,0,0,0,0,0,0,0,0,0,0,0,0,0,0,0,0,
21.4907,Error ,1.25,-50,-1.71387,0.243164,0,-328.156,-312.5,0,81,59,0,0,0,0,0,0,0,0,0,0,0,0,0,0,0,0,0,0,0,
21.4957,Error ,1.25,-50,-1.71924,0.254395,0,-257.843,-257.813,0,81,59,0,0,0,0,0,0,0,0,0,0,0,0,0,0,0,0,0,0,0,
21.5007,Error ,1.25,-50,-1.7124,0.261719,0,-234.406,-320.313,0,86,58,0,0,0,0,0,0,0,0,0,0,0,0,0,0,0,0,0,0,0,
21.5057,Error ,1.25,-50,-1.70801,0.241211,0,-54.718,-132.813,0,86,58,0,0,0,0,0,0,0,0,0,0,0,0,0,0,0,0,0,0,0,
21.5107,Error ,1.25,-50,-1.71436,0.259766,0,179.688,46.875,0,86,58,0,0,0,0,0,0,0,0,0,0,0,0,0,0,0,0,0,0,0,
21.5157,Error ,1.25,-50,-1.71826,0.28125,0,70.3125,101.563,0,75,59,0,0,0,0,0,0,0,0,0,0,0,0,0,0,0,0,0,0,0,
21.5207,Error ,1.25,-50,-1.71875,0.237793,0,93.75,148.438,0,75,59,0,0,0,0,0,0,0,0,0,0,0,0,0,0,0,0,0,0,0,
21.5257,Error ,1.25,-50,-1.71436,0.250977,0,265.625,70.3125,0,-176,60,0,0,0,0,0,0,0,0,0,0,0,0,0,0,0,0,0,0,0,
21.5308,Error ,1.25,-50,-1.71875,0.257324,0,242.188,23.407,0,-176,60,0,0,0,0,0,0,0,0,0,0,0,0,0,0,0,0,0,0,0,
21.5357,Error ,1.25,-50,-1.71191,0.260254,0,304.688,78.125,0,79,59,0,0,0,0,0,0,0,0,0,0,0,0,0,0,0,0,0,0,0,
21.5407,Error ,1.25,-50,-1.7124,0.258301,0,406.25,296.875,0,79,59,0,0,0,0,0,0,0,0,0,0,0,0,0,0,0,0,0,0,0,
21.5457,Error ,1.25,-50,-1.71338,0.26416,0,585.938,406.25,0,87,57,0,0,0,0,0,0,0,0,0,0,0,0,0,0,0,0,0,0,0,
21.5507,Error ,1.25,-50,-1.72803,0.292969,0,453.125,250,0,87,57,0,0,0,0,0,0,0,0,0,0,0,0,0,0,0,0,0,0,0,
21.5557,Error ,1.25,-50,-1.72803,0.272949,0,-54.718,-46.875,0,84,58,0,0,0,0,0,0,0,0,0,0,0,0,0,0,0,0,0,0,0,
21.5607,Error ,1.25,-50,-1.71777,0.26416,0,-335.968,-375,0,84,58,0,0,0,0,0,0,0,0,0,0,0,0,0,0,0,0,0,0,0,
21.5657,Error ,1.25,-50,-1.72168,0.264648,0,-539.093,-507.813,0,-177,53,0,0,0,0,0,0,0,0,0,0,0,0,0,0,0,0,0,0,0,
21.5707,Error ,1.25,-50,-1.71094,0.254883,0,-570.343,-460.938,0,-177,53,0,0,0,0,0,0,0,0,0,0,0,0,0,0,0,0,0,0,0,
21.5757,Error ,1.25,-50,-1.70068,0.254395,0,-570.343,-304.688,0,80,52,0,0,0,0,0,0,0,0,0,0,0,0,0,0,0,0,0,0,0,
21.5807,Error ,1.25,-50,-1.7168,0.254395,0,-328.156,-85.9375,0,80,52,0,0,0,0,0,0,0,0,0,0,0,0,0,0,0,0,0,0,0,
21.5857,Error ,1.25,-50,-1.72266,0.257324,0,-335.968,-148.438,0,84,58,0,0,0,0,0,0,0,0,0,0,0,0,0,0,0,0,0,0,0,
21.5907,Error ,1.25,-50,-1.71582,0.263672,0,-539.093,-414.063,0,84,58,0,0,0,0,0,0,0,0,0,0,0,0,0,0,0,0,0,0,0,
21.5957,Error ,1.25,-50,-1.70068,0.258301,0,-460.968,-406.25,0,84,54,0,0,0,0,0,0,0,0,0,0,0,0,0,0,0,0,0,0,0,
21.6007,Error ,1.25,-50,-1.68164,0.231934,0,7.8125,70.3125,0,84,54,0,0,0,0,0,0,0,0,0,0,0,0,0,0,0,0,0,0,0,
21.6057,Error ,1.25,-50,-1.7085,0.249512,0,843.75,789.063,0,88,56,0,0,0,0,0,0,0,0,0,0,0,0,0,0,0,0,0,0,0,
21.6107,Error ,1.25,-50,-1.71533,0.249512,0,-882.813,937.5,0,88,56,0,0,0,0,0,0,0,0,0,0,0,0,0,0,0,0,0,0,0,
21.6157,Error ,1.25,-50,-1.72607,0.256348,0,-875,890.625,0,91,65,0,0,0,0,0,0,0,0,0,0,0,0,0,0,0,0,0,0,0,
21.6207,Error ,1.25,-50,-1.71289,0.26709,0,890.625,640.594,0,91,65,0,0,0,0,0,0,0,0,0,0,0,0,0,0,0,0,0,0,0,
21.6257,Error ,1.25,-50,-1.71436,0.269531,0,804.688,531.219,0,81,57,0,0,0,0,0,0,0,0,0,0,0,0,0,0,0,0,0,0,0,
21.6307,Error ,1.25,-50,-1.70996,0.247559,0,906.25,609.344,0,81,57,0,0,0,0,0,0,0,0,0,0,0,0,0,0,0,0,0,0,0,
21.6357,Error ,1.25,-50,-1.71484,0.251953,0,-867.188,742.157,0,-187,51,0,0,0,0,0,0,0,0,0,0,0,0,0,0,0,0,0,0,0,
21.6407,Error ,1.25,-50,-1.70996,0.246094,0,-734.375,773.407,0,-187,51,0,0,0,0,0,0,0,0,0,0,0,0,0,0,0,0,0,0,0,
21.6457,Error ,1.25,-50,-1.7207,0.243652,0,-515.625,-984.406,0,81,61,0,0,0,0,0,0,0,0,0,0,0,0,0,0,0,0,0,0,0,
21.6507,Error ,1.25,-50,-1.72314,0.246582,0,-359.375,-914.093,0,81,61,0,0,0,0,0,0,0,0,0,0,0,0,0,0,0,0,0,0,0,
21.6557,Error ,1.25,-50,-1.72021,0.265625,0,-367.188,968.719,0,-169,55,0,0,0,0,0,0,0,0,0,0,0,0,0,0,0,0,0,0,0,
21.6607,Error ,1.25,-50,-1.72461,0.293945,0,-539.063,882.782,0,-169,55,0,0,0,0,0,0,0,0,0,0,0,0,0,0,0,0,0,0,0,
21.6657,Error ,1.25,-50,-1.72607,0.29541,0,-929.688,656.219,0,78,66,0,0,0,0,0,0,0,0,0,0,0,0,0,0,0,0,0,0,0,
21.6707,Error ,1.25,-50,-1.72559,0.288574,0,539.063,382.782,0,78,66,0,0,0,0,0,0,0,0,0,0,0,0,0,0,0,0,0,0,0,
21.6757,Error ,1.25,-50,-1.71777,0.280273,0,62.5,164.032,0,94,60,0,0,0,0,0,0,0,0,0,0,0,0,0,0,0,0,0,0,0,
21.6807,Error ,1.25,-50,-1.71777,0.283203,0,-234.375,7.8125,0,94,60,0,0,0,0,0,0,0,0,0,0,0,0,0,0,0,0,0,0,0,
21.6863,Error ,1.25,-50,-1.71484,0.26416,0,-398.468,-31.25,0,81,55,0,0,0,0,0,0,0,0,0,0,0,0,0,0,0,0,0,0,0,
21.6907,Error ,1.25,-50,-1.71191,0.24707,0,-406.281,-46.875,0,81,55,0,0,0,0,0,0,0,0,0,0,0,0,0,0,0,0,0,0,0,
21.6957,Error ,1.25,-50,-1.71191,0.244629,0,-242.188,78.125,0,82,52,0,0,0,0,0,0,0,0,0,0,0,0,0,0,0,0,0,0,0,
21.7007,Error ,1.25,-50,-1.7124,0.25,0,140.625,289.063,0,82,52,0,0,0,0,0,0,0,0,0,0,0,0,0,0,0,0,0,0,0,
21.7057,Error ,1.25,-50,-1.71777,0.263672,0,507.813,531.219,0,79,57,0,0,0,0,0,0,0,0,0,0,0,0,0,0,0,0,0,0,0,
21.7107,Error ,1.25,-50,-1.72314,0.263184,0,554.688,476.563,0,79,57,0,0,0,0,0,0,0,0,0,0,0,0,0,0,0,0,0,0,0,
21.7157,Error ,1.25,-50,-1.72021,0.247559,0,492.188,414.032,0,83,61,0,0,0,0,0,0,0,0,0,0,0,0,0,0,0,0,0,0,0,
21.7207,Error ,1.25,-50,-1.71191,0.260742,0,335.938,359.344,0,83,61,0,0,0,0,0,0,0,0,0,0,0,0,0,0,0,0,0,0,0,
21.7271,Error ,1.25,-50,-1.71533,0.253418,0,23.4375,398.407,0,80,52,0,0,0,0,0,0,0,0,0,0,0,0,0,0,0,0,0,0,0,
21.7307,Error ,1.25,-50,-1.72021,0.222168,0,125,445.282,0,80,52,0,0,0,0,0,0,0,0,0,0,0,0,0,0,0,0,0,0,0,
21.7357,Error ,1.25,-50,-1.71924,0.269531,0,-789.063,343.719,0,86,56,0,0,0,0,0,0,0,0,0,0,0,0,0,0,0,0,0,0,0,
21.7406,Error ,1.25,-50,-1.66602,0.308105,0,187.5,265.594,0,86,56,0,0,0,0,0,0,0,0,0,0,0,0,0,0,0,0,0,0,0,
21.7457,Error ,1.25,-50,-1.72754,0.210449,0,101.563,937.469,0,85,53,0,0,0,0,0,0,0,0,0,0,0,0,0,0,0,0,0,0,0,
21.7506,Error ,1.25,-50,-1.71729,0.259766,0,171.875,-734.406,0,85,53,0,0,0,0,0,0,0,0,0,0,0,0,0,0,0,0,0,0,0,
21.7557,Error ,1.25,-50,-1.71631,0.264648,0,273.438,-851.593,0,78,56,0,0,0,0,0,0,0,0,0,0,0,0,0,0,0,0,0,0,0,
21.7606,Error ,1.25,-50,-1.72705,0.276367,0,265.625,-804.718,0,78,56,0,0,0,0,0,0,0,0,0,0,0,0,0,0,0,0,0,0,0,
21.7656,Error ,1.25,-50,-1.73389,0.29248,0,85.9375,-976.593,0,-176,50,0,0,0,0,0,0,0,0,0,0,0,0,0,0,0,0,0,0,0,
21.7706,Error ,1.25,-50,-1.77344,0.218262,0,-382.813,890.594,0,-176,50,0,0,0,0,0,0,0,0,0,0,0,0,0,0,0,0,0,0,0,
21.7756,Error ,1.25,-50,-1.73926,0.205078,0,-187.5,-679.718,0,82,54,0,0,0,0,0,0,0,0,0,0,0,0,0,0,0,0,0,0,0,
21.7806,Error ,1.25,-50,-1.71484,0.226563,0,-15.625,-78.1555,0,82,54,0,0,0,0,0,0,0,0,0,0,0,0,0,0,0,0,0,0,0,
21.7856,Error ,1.25,-50,-1.71875,0.268066,0,257.843,281.189,0,82,54,0,0,0,0,0,0,0,0,0,0,0,0,0,0,0,0,0,0,0,
21.7906,Error ,1.25,-50,-1.73633,0.272461,0,273.468,296.844,0,90,54,0,0,0,0,0,0,0,0,0,0,0,0,0,0,0,0,0,0,0,
21.7956,Error ,1.25,-50,-1.71191,0.303223,0,171.906,15.5945,0,90,54,0,0,0,0,0,0,0,0,0,0,0,0,0,0,0,0,0,0,0,
21.8006,Error ,1.25,-50,-1.70313,0.314941,0,-273.438,-570.374,0,89,55,0,0,0,0,0,0,0,0,0,0,0,0,0,0,0,0,0,0,0,
21.8056,Error ,1.25,-50,-1.70313,0.3125,0,-562.5,-960.968,0,89,55,0,0,0,0,0,0,0,0,0,0,0,0,0,0,0,0,0,0,0,
21.8106,Error ,1.25,-50,-1.70557,0.295898,0,-828.125,867.157,0,85,61,0,0,0,0,0,0,0,0,0,0,0,0,0,0,0,0,0,0,0,
21.8156,Error ,1.25,-50,-1.7085,0.265625,0,-890.625,804.657,0,85,61,0,0,0,0,0,0,0,0,0,0,0,0,0,0,0,0,0,0,0,
21.8206,Error ,1.25,-50,-1.70996,0.259766,0,-632.813,-984.406,0,87,61,0,0,0,0,0,0,0,0,0,0,0,0,0,0,0,0,0,0,0,
21.8256,Error ,1.25,-50,-1.72266,0.28125,0,-335.938,-789.093,0,87,61,0,0,0,0,0,0,0,0,0,0,0,0,0,0,0,0,0,0,0,
21.8306,Error ,1.25,-50,-1.72217,0.301758,0,-289.063,-710.968,0,-175,53,0,0,0,0,0,0,0,0,0,0,0,0,0,0,0,0,0,0,0,
21.8356,Error ,1.25,-50,-1.72314,0.28125,0,-343.75,-828.156,0,-175,53,0,0,0,0,0,0,0,0,0,0,0,0,0,0,0,0,0,0,0,
21.8406,Error ,1.25,-50,-1.72852,0.275879,0,-460.938,-890.656,0,79,55,0,0,0,0,0,0,0,0,0,0,0,0,0,0,0,0,0,0,0,
21.8456,Error ,1.25,-50,-1.73682,0.27832,0,-578.125,-984.406,0,79,55,0,0,0,0,0,0,0,0,0,0,0,0,0,0,0,0,0,0,0,
21.8506,Error ,1.25,-50,-1.74072,0.272461,0,-757.813,914.063,0,87,57,0,0,0,0,0,0,0,0,0,0,0,0,0,0,0,0,0,0,0,
21.8556,Error ,1.25,-50,-1.72656,0.28125,0,-984.375,765.625,0,87,57,0,0,0,0,0,0,0,0,0,0,0,0,0,0,0,0,0,0,0,
21.8606,Error ,1.25,-50,-1.7334,0.277832,0,843.75,695.313,0,76,56,0,0,0,0,0,0,0,0,0,0,0,0,0,0,0,0,0,0,0,
21.8656,Error ,1.25,-50,-1.73438,0.291992,0,679.688,601.563,0,76,56,0,0,0,0,0,0,0,0,0,0,0,0,0,0,0,0,0,0,0,
21.8706,Error ,1.25,-50,-1.74121,0.290039,0,492.188,445.313,0,90,58,0,0,0,0,0,0,0,0,0,0,0,0,0,0,0,0,0,0,0,
21.8756,Error ,1.25,-50,-1.74512,0.285645,0,218.75,328.125,0,90,58,0,0,0,0,0,0,0,0,0,0,0,0,0,0,0,0,0,0,0,
21.8806,Error ,1.25,-50,-1.74072,0.241699,0,-15.625,171.875,0,88,50,0,0,0,0,0,0,0,0,0,0,0,0,0,0,0,0,0,0,0,
21.8856,Error ,1.25,-50,-1.73975,0.211914,0,-125,148.438,0,88,50,0,0,0,0,0,0,0,0,0,0,0,0,0,0,0,0,0,0,0,
21.8906,Error ,1.25,-50,-1.74512,0.244141,0,-210.938,218.75,0,89,59,0,0,0,0,0,0,0,0,0,0,0,0,0,0,0,0,0,0,0,
21.8956,Error ,1.25,-50,-1.71631,0.283203,0,-7.8125,265.594,0,89,59,0,0,0,0,0,0,0,0,0,0,0,0,0,0,0,0,0,0,0,
21.9006,Error ,1.25,-50,-1.71094,0.274414,0,-468.75,609.375,0,84,60,0,0,0,0,0,0,0,0,0,0,0,0,0,0,0,0,0,0,0,
21.9056,Error ,1.25,-50,-1.72314,0.248535,0,-984.375,992.157,0,84,60,0,0,0,0,0,0,0,0,0,0,0,0,0,0,0,0,0,0,0,
21.9106,Error ,1.25,-50,-1.7417,0.208008,0,609.375,-953.156,0,89,59,0,0,0,0,0,0,0,0,0,0,0,0,0,0,0,0,0,0,0,
21.9156,Error ,1.25,-50,-1.71582,0.262207,0,156.25,343.719,0,89,59,0,0,0,0,0,0,0,0,0,0,0,0,0,0,0,0,0,0,0,
21.9206,Error ,1.25,-50,-1.70166,0.311035,0,499.969,-523.468,0,-170,58,0,0,0,0,0,0,0,0,0,0,0,0,0,0,0,0,0,0,0,
21.9256,Error ,1.25,-50,-1.71631,0.330078,0,-601.593,-562.531,0,-170,58,0,0,0,0,0,0,0,0,0,0,0,0,0,0,0,0,0,0,0,
21.9306,Error ,1.25,-50,-1.72266,0.342773,0,-257.843,-445.313,0,-171,55,0,0,0,0,0,0,0,0,0,0,0,0,0,0,0,0,0,0,0,
21.9356,Error ,1.25,-50,-1.73438,0.327148,0,31.2195,-406.25,0,-171,55,0,0,0,0,0,0,0,0,0,0,0,0,0,0,0,0,0,0,0,
21.9406,Error ,1.25,-50,-1.7373,0.317383,0,31.2195,-742.188,0,92,56,0,0,0,0,0,0,0,0,0,0,0,0,0,0,0,0,0,0,0,
21.9456,Error ,1.25,-50,-1.73242,0.297852,0,-62.5305,781.25,0,92,56,0,0,0,0,0,0,0,0,0,0,0,0,0,0,0,0,0,0,0,
21.9506,Error ,1.25,-50,-1.73047,0.294434,0,-382.843,437.531,0,-178,52,0,0,0,0,0,0,0,0,0,0,0,0,0,0,0,0,0,0,0,
21.9556,Error ,1.25,-50,-1.72949,0.284668,0,937.439,-281.219,0,-178,52,0,0,0,0,0,0,0,0,0,0,0,0,0,0,0,0,0,0,0,
21.9606,Error ,1.25,-50,-1.72949,0.287109,0,624.939,968.781,0,73,53,0,0,0,0,0,0,0,0,0,0,0,0,0,0,0,0,0,0,0,
21.9656,Error ,1.25,-50,-1.73047,0.285156,0,-921.936,-906.219,0,73,53,0,0,0,0,0,0,0,0,0,0,0,0,0,0,0,0,0,0,0,
21.9706,Error ,1.25,-50,-1.7168,0.242676,0,679.626,-648.407,0,-179,57,0,0,0,0,0,0,0,0,0,0,0,0,0,0,0,0,0,0,0,
21.9756,Error ,1.25,-50,-1.72119,0.246582,0,882.751,-390.594,0,-179,57,0,0,0,0,0,0,0,0,0,0,0,0,0,0,0,0,0,0,0,
21.9806,Error ,1.25,-50,-1.72119,0.246582,0,882.751,-390.594,0,80,50,0,0,0,0,0,0,0,0,0,0,0,0,0,0,0,0,0,0,0,
21.9856,Error ,1.25,-50,-1.72119,0.262695,0,914.001,-499.969,0,80,50,0,0,0,0,0,0,0,0,0,0,0,0,0,0,0,0,0,0,0,
21.9906,Error ,1.25,-50,0,0,0,0,0,0,0,0,0,0,0,0,0,0,0,0,0,0,0,0,0,0,0,0,0,0,0,
21.9956,Error ,1.25,-50,0,0,0,0,0,0,0,0,0,0,0,0,0,0,0,0,0,0,0,0,0,0,0,0,0,0,0,
22.0006,Error ,1.25,-50,0,0,0,0,0,0,0,0,0,0,0,0,0,0,0,0,0,0,0,0,0,0,0,0,0,0,0,
22.0055,Error ,1.25,-50,-2.08643,-3.04834,0,773.499,328.278,0,82,50,0,0,0,0,0,0,0,0,0,0,0,0,0,0,0,0,0,0,0,
22.0116,Error ,1.25,-50,0,0,0,0,0,0,0,0,0,0,0,0,0,0,0,0,0,0,0,0,0,0,0,0,0,0,0,
22.0155,Error ,1.25,-50,-1.76611,0.157715,0,562.408,-31.189,0,81,61,0,0,0,0,0,0,0,0,0,0,0,0,0,0,0,0,0,0,0,
22.0205,Error ,1.25,-50,-1.83594,0.153809,0,140.594,-226.593,0,78,54,0,0,0,0,0,0,0,0,0,0,0,0,0,0,0,0,0,0,0,
22.0255,Error ,1.25,-50,-1.71729,0.290527,0,-328.125,-210.999,0,78,54,0,0,0,0,0,0,0,0,0,0,0,0,0,0,0,0,0,0,0,
22.0305,Error ,1.25,-50,-1.74805,0.256348,0,328.156,531.219,0,82,54,0,0,0,0,0,0,0,0,0,0,0,0,0,0,0,0,0,0,0,
22.0355,Error ,1.25,-50,-1.73828,0.331055,0,-656.25,-15.6555,0,82,54,0,0,0,0,0,0,0,0,0,0,0,0,0,0,0,0,0,0,0,
22.0405,Error ,1.25,-50,-1.71582,0.344238,0,148.438,859.344,0,85,51,0,0,0,0,0,0,0,0,0,0,0,0,0,0,0,0,0,0,0,
22.0455,Error ,1.25,-50,-1.71631,0.334961,0,-585.938,601.532,0,85,51,0,0,0,0,0,0,0,0,0,0,0,0,0,0,0,0,0,0,0,
22.0505,Error ,1.25,-50,-1.72998,0.313965,0,953.125,499.969,0,77,53,0,0,0,0,0,0,0,0,0,0,0,0,0,0,0,0,0,0,0,
22.0555,Error ,1.25,-50,-1.71777,0.270508,0,257.813,117.188,0,77,53,0,0,0,0,0,0,0,0,0,0,0,0,0,0,0,0,0,0,0,
4294.97,Error ,-1.25,146.971,-0.000488281,-0.000488281,-0.000488281,-0.0305176,-0.0305176,-0.0305176,-1,-1,-1,-0.000488281,-0.000488281,-0.000488281,-0.0305176,-0.0305176,-0.0305176,-1,-1,-1,-0.000488281,-0.000488281,-0.000488281,-0.0305176,-0.0305176,-0.0305176,-1,-1,-1,